RecordingID,EventType,DetectedEvents,ValidBaselineEvents,FiniteAmplitudeEvents,UnavailableAmplitudeEvents,WrongDirectionAmplitudeEvents,ValidBaselineFraction,FiniteAmplitudeFraction,TimingResolvedEvents,TimingUnresolvedEvents,TimingNotAssessedEvents,CloseNativeRunEvents,RecurrenceNotAssessedEvents,Session,Case,Role
/Users/zcm361/Documents/Github/OxygenDynamicsV2/reference-validation/smooth-surge-audit-20260909/M400-01-baseline-awake/control,sink,196,97,97,99,0,0.494897959183673,0.494897959183673,104,92,0,104,0,M400-01-baseline-awake,control,BOI_reference
/Users/zcm361/Documents/Github/OxygenDynamicsV2/reference-validation/smooth-surge-audit-20260909/M400-01-baseline-awake/control,surge,40,19,19,21,0,0.475,0.475,0,0,40,9,0,M400-01-baseline-awake,control,BOI_reference
/Users/zcm361/Documents/Github/OxygenDynamicsV2/reference-validation/smooth-surge-audit-20260909/M400-01-baseline-awake/smooth_pairs,sink,192,93,93,99,0,0.484375,0.484375,107,85,0,98,0,M400-01-baseline-awake,smooth_pairs,BOI_reference
/Users/zcm361/Documents/Github/OxygenDynamicsV2/reference-validation/smooth-surge-audit-20260909/M400-01-baseline-awake/smooth_pairs,surge,45,16,16,29,0,0.355555555555556,0.355555555555556,0,0,45,13,0,M400-01-baseline-awake,smooth_pairs,BOI_reference
/Users/zcm361/Documents/Github/OxygenDynamicsV2/reference-validation/smooth-surge-audit-20260909/M400-01-baseline-awake/single_clean,sink,191,93,93,98,0,0.486910994764398,0.486910994764398,102,89,0,101,0,M400-01-baseline-awake,single_clean,BOI_reference
/Users/zcm361/Documents/Github/OxygenDynamicsV2/reference-validation/smooth-surge-audit-20260909/M400-01-baseline-awake/single_clean,surge,38,17,17,21,0,0.447368421052632,0.447368421052632,0,0,38,11,0,M400-01-baseline-awake,single_clean,BOI_reference
/Users/zcm361/Documents/Github/OxygenDynamicsV2/reference-validation/smooth-surge-audit-20260909/M400-01-baseline-awake/single_noise,sink,195,97,97,98,0,0.497435897435897,0.497435897435897,102,93,0,100,0,M400-01-baseline-awake,single_noise,BOI_reference
/Users/zcm361/Documents/Github/OxygenDynamicsV2/reference-validation/smooth-surge-audit-20260909/M400-01-baseline-awake/single_noise,surge,38,17,17,21,0,0.447368421052632,0.447368421052632,0,0,38,11,0,M400-01-baseline-awake,single_noise,BOI_reference
/Users/zcm361/Documents/Github/OxygenDynamicsV2/reference-validation/smooth-surge-audit-20260909/M401-01-baseline-awake/control,sink,137,70,70,67,2,0.510948905109489,0.510948905109489,59,78,0,72,0,M401-01-baseline-awake,control,BOI_reference
/Users/zcm361/Documents/Github/OxygenDynamicsV2/reference-validation/smooth-surge-audit-20260909/M401-01-baseline-awake/control,surge,1,0,0,1,0,0,0,0,0,1,0,0,M401-01-baseline-awake,control,BOI_reference
/Users/zcm361/Documents/Github/OxygenDynamicsV2/reference-validation/smooth-surge-audit-20260909/M401-01-baseline-awake/smooth_pairs,sink,123,55,55,68,0,0.447154471544715,0.447154471544715,58,65,0,66,0,M401-01-baseline-awake,smooth_pairs,BOI_reference
/Users/zcm361/Documents/Github/OxygenDynamicsV2/reference-validation/smooth-surge-audit-20260909/M401-01-baseline-awake/smooth_pairs,surge,12,2,2,10,0,0.166666666666667,0.166666666666667,0,0,12,5,0,M401-01-baseline-awake,smooth_pairs,BOI_reference
/Users/zcm361/Documents/Github/OxygenDynamicsV2/reference-validation/smooth-surge-audit-20260909/M401-01-baseline-awake/single_clean,sink,120,60,60,60,1,0.5,0.5,50,70,0,64,0,M401-01-baseline-awake,single_clean,BOI_reference
/Users/zcm361/Documents/Github/OxygenDynamicsV2/reference-validation/smooth-surge-audit-20260909/M401-01-baseline-awake/single_clean,surge,6,2,2,4,0,0.333333333333333,0.333333333333333,0,0,6,5,0,M401-01-baseline-awake,single_clean,BOI_reference
/Users/zcm361/Documents/Github/OxygenDynamicsV2/reference-validation/smooth-surge-audit-20260909/M401-01-baseline-awake/single_noise,sink,119,60,60,59,0,0.504201680672269,0.504201680672269,50,69,0,64,0,M401-01-baseline-awake,single_noise,BOI_reference
/Users/zcm361/Documents/Github/OxygenDynamicsV2/reference-validation/smooth-surge-audit-20260909/M401-01-baseline-awake/single_noise,surge,4,3,3,1,0,0.75,0.75,0,0,4,0,0,M401-01-baseline-awake,single_noise,BOI_reference
/Users/zcm361/Documents/Github/OxygenDynamicsV2/reference-validation/smooth-surge-audit-20260909/FB2411/control,sink,34,23,23,11,0,0.676470588235294,0.676470588235294,19,15,0,17,0,FB2411,control,fluorescence_control
/Users/zcm361/Documents/Github/OxygenDynamicsV2/reference-validation/smooth-surge-audit-20260909/FB2411/control,surge,1,0,0,1,0,0,0,0,0,1,0,0,FB2411,control,fluorescence_control
/Users/zcm361/Documents/Github/OxygenDynamicsV2/reference-validation/smooth-surge-audit-20260909/FB2411/smooth_pairs,sink,11,3,3,8,0,0.272727272727273,0.272727272727273,7,4,0,4,0,FB2411,smooth_pairs,fluorescence_control
/Users/zcm361/Documents/Github/OxygenDynamicsV2/reference-validation/smooth-surge-audit-20260909/FB2411/smooth_pairs,surge,8,0,0,8,0,0,0,0,0,8,4,0,FB2411,smooth_pairs,fluorescence_control
/Users/zcm361/Documents/Github/OxygenDynamicsV2/reference-validation/smooth-surge-audit-20260909/FB2411/single_clean,sink,12,7,7,5,0,0.583333333333333,0.583333333333333,5,7,0,4,0,FB2411,single_clean,fluorescence_control
/Users/zcm361/Documents/Github/OxygenDynamicsV2/reference-validation/smooth-surge-audit-20260909/FB2411/single_clean,surge,7,1,1,6,0,0.142857142857143,0.142857142857143,0,0,7,4,0,FB2411,single_clean,fluorescence_control
/Users/zcm361/Documents/Github/OxygenDynamicsV2/reference-validation/smooth-surge-audit-20260909/FB2411/single_noise,sink,13,8,8,5,1,0.615384615384615,0.615384615384615,5,8,0,6,0,FB2411,single_noise,fluorescence_control
/Users/zcm361/Documents/Github/OxygenDynamicsV2/reference-validation/smooth-surge-audit-20260909/FB2411/single_noise,surge,6,1,1,5,0,0.166666666666667,0.166666666666667,0,0,6,2,0,FB2411,single_noise,fluorescence_control
