RecordingID,EventType,SiteID,EventID,EventRow,StartFrame,EndFrame,DetectedStartFrame,DetectedEndFrame,FootprintPixels,BaselineWindowFrames,CleanBaselineFrames,TruncatedBaseline,OverlapExcludedFrames,NonfiniteBaselineFrames,StoredBaseline,RecomputedBaseline,StoredStatus,RecomputedStatus,StoredAmplitude,RecomputedAmplitude,AbsDifference,MeasurementMatches,WrongDirection,Condition,NativeFilteredMean,NativeZMean,RawExtremeFrame,RawChangeAtExtremePercent,CubicTrendContributionPercent,ResidualContributionPercent,SourceRawSHA256,Session,Role
/Users/zcm361/Documents/Github/OxygenDynamicsV2/reference-validation/phase1-optimized-20260909/M400-01-baseline-awake/Recording,sink,11,1,41,58,98,85,96,1100,20,20,0,0,0,72.8199090909091,72.8199090909091,valid,valid,-0.00349679595615087,-0.00349679595615087,0,1,1,Awake_immobile,-0.180542837152669,-0.202371801262254,88,0.349679595615087,3.1426574581712,-2.7929778625561,695f8390be5fe18d06685d718b7e99c73d08715f51ef11ec14c694b32b599a05,M400-01-baseline-awake,BOI_reference
/Users/zcm361/Documents/Github/OxygenDynamicsV2/reference-validation/phase1-optimized-20260909/M401-01-baseline-awake/Recording,sink,12,1,29,38,41,38,40,506,20,20,0,0,0,127.082509881423,127.082509881423,valid,valid,-0.000688140271757087,-0.000688140271757087,0,1,1,Awake_immobile,-0.0832714979987462,-0.0809521590080664,39,0.0688140271757087,3.08575190745167,-3.01693788027596,22912f81ab9c01a96ddb7d403cb1b0204eadac78797e11f39e25cd71d88e078d,M401-01-baseline-awake,BOI_reference
/Users/zcm361/Documents/Github/OxygenDynamicsV2/reference-validation/phase1-optimized-20260909/M401-03-baseline-iso/Recording,surge,1,3,3,406,424,406,424,5192,20,20,0,0,0,83.33906009245,83.33906009245,valid,valid,-0.00378879972193019,-0.00378879972193019,0,1,1,Anesthetized,0.0240350817425895,0.0250709678900531,414,-0.378879972193019,-1.49453388853681,1.11565391634382,85abeb1dc0eb650e184826035bf25a7892868b63f3cd98c8732709830d95aa25,M401-03-baseline-iso,BOI_reference
/Users/zcm361/Documents/Github/OxygenDynamicsV2/reference-validation/phase1-optimized-20260909/FB2312-baseline-awake/Recording,sink,4,1,18,34,52,34,36,487,20,20,0,0,0,2691.8727926078,2691.8727926078,valid,valid,-0.0123635899847745,-0.0123635899847745,0,1,1,Awake_immobile,-0.333294064755068,-0.385587274347745,35,1.23635899847745,2.44404625802824,-1.20768725955076,d2e65164f5640b4b97649714fbbd3e5ab5bc26c3243e44683d98e840ef89b657,FB2312-baseline-awake,BOI_reference
/Users/zcm361/Documents/Github/OxygenDynamicsV2/reference-validation/phase1-optimized-20260909/FB2312-baseline-awake/Recording,sink,9,1,42,37,54,47,51,783,20,20,0,0,0,3029.06641123882,3029.06641123882,valid,valid,-0.0193965744411638,-0.0193965744411638,0,1,1,Awake_immobile,-0.329459269065053,-0.385292197397625,50,1.93965744411638,6.48810618415197,-4.5484487400356,d2e65164f5640b4b97649714fbbd3e5ab5bc26c3243e44683d98e840ef89b657,FB2312-baseline-awake,BOI_reference
/Users/zcm361/Documents/Github/OxygenDynamicsV2/reference-validation/phase1-optimized-20260909/FB2312-baseline-awake/Recording,sink,11,1,49,41,53,48,50,315,20,20,0,0,0,2436.60317460317,2436.60317460317,valid,valid,-0.0174924758641356,-0.0174924758641356,0,1,1,Awake_immobile,-0.296779393660959,-0.387712029344941,49,1.74924758641356,5.41761409613218,-3.66836650971863,d2e65164f5640b4b97649714fbbd3e5ab5bc26c3243e44683d98e840ef89b657,FB2312-baseline-awake,BOI_reference
/Users/zcm361/Documents/Github/OxygenDynamicsV2/reference-validation/phase1-optimized-20260909/FB2312-baseline-awake/Recording,surge,1,2,2,403,412,403,412,3684,20,20,0,0,0,706.302619435396,706.302619435396,valid,valid,-0.0238810145437647,-0.0238810145437647,0,1,1,Awake_immobile,0.490300758365424,0.511856850112811,411,-2.38810145437647,0.242449599677689,-2.63055105405414,d2e65164f5640b4b97649714fbbd3e5ab5bc26c3243e44683d98e840ef89b657,FB2312-baseline-awake,BOI_reference
/Users/zcm361/Documents/Github/OxygenDynamicsV2/reference-validation/phase1-optimized-20260909/FB2312-baseline-awake/Recording,surge,2,3,6,402,413,402,413,17743,20,20,0,0,0,663.36549343403,663.36549343403,valid,valid,-0.00235732612822521,-0.00235732612822521,0,1,1,Awake_immobile,0.537642419341853,0.582055979087753,402,-0.235732612822521,0.134870395620007,-0.370603008442525,d2e65164f5640b4b97649714fbbd3e5ab5bc26c3243e44683d98e840ef89b657,FB2312-baseline-awake,BOI_reference
/Users/zcm361/Documents/Github/OxygenDynamicsV2/reference-validation/phase1-optimized-20260909/FB2312-baseline-awake/Recording,surge,2,8,11,641,650,641,650,16195,20,20,0,0,0,654.124439641865,654.124439641865,valid,valid,-0.00647368733109602,-0.00647368733109602,0,1,1,Awake_immobile,0.833602055862808,0.911000991663462,641,-0.647368733109602,-0.0191839469008049,-0.628184786208797,d2e65164f5640b4b97649714fbbd3e5ab5bc26c3243e44683d98e840ef89b657,FB2312-baseline-awake,BOI_reference
/Users/zcm361/Documents/Github/OxygenDynamicsV2/reference-validation/phase1-optimized-20260909/FB2312-baseline-awake/Recording,surge,3,4,15,402,412,402,412,12879,20,20,0,0,0,580.465750446463,580.465750446463,valid,valid,-0.00598414750149637,-0.00598414750149637,0,1,1,Awake_immobile,0.568076625616022,0.608549159744837,410,-0.598414750149637,0.249214262448001,-0.847629012597613,d2e65164f5640b4b97649714fbbd3e5ab5bc26c3243e44683d98e840ef89b657,FB2312-baseline-awake,BOI_reference
/Users/zcm361/Documents/Github/OxygenDynamicsV2/reference-validation/phase1-optimized-20260909/FB2312-baseline-awake/Recording,surge,3,6,17,471,491,471,491,12518,20,20,0,0,0,584.23451030516,584.23451030516,valid,valid,-0.00918849818517853,-0.00918849818517853,0,1,1,Awake_immobile,0.759106650583135,0.796450967275192,491,-0.918849818517853,0.26121123577219,-1.18006105429007,d2e65164f5640b4b97649714fbbd3e5ab5bc26c3243e44683d98e840ef89b657,FB2312-baseline-awake,BOI_reference
/Users/zcm361/Documents/Github/OxygenDynamicsV2/reference-validation/phase1-optimized-20260909/FB2312-baseline-awake/Recording,surge,3,9,20,641,650,641,650,13180,20,20,0,0,0,596.27096737481,596.27096737481,valid,valid,-0.0121952109451718,-0.0121952109451718,0,1,1,Awake_immobile,0.84329204926451,0.921021704294934,650,-1.21952109451718,0.00843983094739682,-1.22796092546458,d2e65164f5640b4b97649714fbbd3e5ab5bc26c3243e44683d98e840ef89b657,FB2312-baseline-awake,BOI_reference
/Users/zcm361/Documents/Github/OxygenDynamicsV2/reference-validation/phase1-optimized-20260909/FB2316-baseline/Recording,sink,1,1,1,28,88,52,64,2273,20,20,0,0,0,2164.73611966564,2164.73611966564,valid,valid,-0.00105128698516981,-0.00105128698516981,0,1,1,Anesthetized,-0.336975006095058,-0.358822045624812,31,0.105128698516981,1.96917481693438,-1.86404611841742,23385c57fd4c0fbd8eb031c2058b48166e42a5df01cf8b1fb486cfa6360a2065,FB2316-baseline,BOI_reference
/Users/zcm361/Documents/Github/OxygenDynamicsV2/reference-validation/phase1-optimized-20260909/FB2316-baseline/Recording,surge,12,2,26,848,861,848,861,5350,20,20,0,0,0,6089.68099065421,6089.68099065421,valid,valid,-0.00127288407320874,-0.00127288407320874,0,1,1,Anesthetized,0.0841886979436399,0.0906031881527458,856,-0.127288407320874,-1.05803473049631,0.930746323175446,23385c57fd4c0fbd8eb031c2058b48166e42a5df01cf8b1fb486cfa6360a2065,FB2316-baseline,BOI_reference
/Users/zcm361/Documents/Github/OxygenDynamicsV2/reference-validation/phase1-optimized-20260909/FB2316-baseline/Recording,surge,22,2,48,841,850,841,850,5174,20,20,0,0,0,4621.21744298415,4621.21744298415,valid,valid,-0.000764362741148262,-0.000764362741148262,0,1,1,Anesthetized,0.0868227273504233,0.0949357860510867,843,-0.0764362741148262,-0.712186740502296,0.635750466387489,23385c57fd4c0fbd8eb031c2058b48166e42a5df01cf8b1fb486cfa6360a2065,FB2316-baseline,BOI_reference
/Users/zcm361/Documents/Github/OxygenDynamicsV2/reference-validation/phase1-optimized-20260909/FB2316-baseline/Recording,surge,25,1,52,844,861,844,861,1897,20,20,0,0,0,4977.30342646284,4977.30342646284,valid,valid,-0.00341832126403307,-0.00341832126403307,0,1,1,Anesthetized,0.0739719569040048,0.0907182381063648,861,-0.341832126403307,-1.06746042149203,0.725628295088741,23385c57fd4c0fbd8eb031c2058b48166e42a5df01cf8b1fb486cfa6360a2065,FB2316-baseline,BOI_reference
/Users/zcm361/Documents/Github/OxygenDynamicsV2/reference-validation/phase1-optimized-20260909/ID13-20200917/Recording,sink,6,3,41,475,505,480,495,910,20,20,0,0,0,3.86054945054945,3.86054945054945,valid,valid,-0.00936494833622739,-0.00936494833622739,0,1,1,Awake_mobile,-0.181807672433941,-0.203642747436871,484,0.936494833622739,-0.12756482211627,1.06405965573899,19211dc232042f969c35fc18d135b54793a9c162e883e4107ae4a411cd9be63b,ID13-20200917,BOI_reference
