RecordingID,EventType,SiteID,EventID,EventRow,StartFrame,EndFrame,DetectedStartFrame,DetectedEndFrame,FootprintPixels,BaselineWindowFrames,CleanBaselineFrames,TruncatedBaseline,OverlapExcludedFrames,NonfiniteBaselineFrames,StoredBaseline,RecomputedBaseline,StoredStatus,RecomputedStatus,StoredAmplitude,RecomputedAmplitude,AbsDifference,MeasurementMatches,WrongDirection,Condition,SourceRawSHA256
/Users/zcm361/Documents/Github/OxygenDynamicsV2/reference-validation/surge-full-movie-measurement-20260910/M400-01-baseline-awake/challenge,sink,1,1,1,5,8,5,8,417,20,4,1,0,0,NaN,NaN,insufficient_clean_prebaseline,insufficient_clean_prebaseline,NaN,NaN,NaN,1,0,KnownSignal,3cbc608c1a7a3427b14f3042ce496749fa9e4c4cae378996db8663a858f64d3a
/Users/zcm361/Documents/Github/OxygenDynamicsV2/reference-validation/surge-full-movie-measurement-20260910/M400-01-baseline-awake/challenge,sink,1,2,2,431,457,436,440,1072,20,20,0,0,0,91.0069962686567,91.0069962686567,valid,valid,0.0528856748958326,0.0528856748958326,0,1,0,KnownSignal,3cbc608c1a7a3427b14f3042ce496749fa9e4c4cae378996db8663a858f64d3a
/Users/zcm361/Documents/Github/OxygenDynamicsV2/reference-validation/surge-full-movie-measurement-20260910/M400-01-baseline-awake/challenge,sink,1,3,3,578,600,578,600,905,20,20,0,0,0,89.4293370165746,89.4293370165746,valid,valid,0.0831861446828911,0.0831861446828911,0,1,0,KnownSignal,3cbc608c1a7a3427b14f3042ce496749fa9e4c4cae378996db8663a858f64d3a
/Users/zcm361/Documents/Github/OxygenDynamicsV2/reference-validation/surge-full-movie-measurement-20260910/M400-01-baseline-awake/challenge,sink,2,1,4,2,8,2,8,775,20,1,1,0,0,NaN,NaN,insufficient_clean_prebaseline,insufficient_clean_prebaseline,NaN,NaN,NaN,1,0,KnownSignal,3cbc608c1a7a3427b14f3042ce496749fa9e4c4cae378996db8663a858f64d3a
/Users/zcm361/Documents/Github/OxygenDynamicsV2/reference-validation/surge-full-movie-measurement-20260910/M400-01-baseline-awake/challenge,sink,2,2,5,31,44,35,39,229,20,20,0,0,0,95.1432314410481,95.1432314410481,valid,valid,0.0529562415663814,0.0529562415663814,0,1,0,KnownSignal,3cbc608c1a7a3427b14f3042ce496749fa9e4c4cae378996db8663a858f64d3a
/Users/zcm361/Documents/Github/OxygenDynamicsV2/reference-validation/surge-full-movie-measurement-20260910/M400-01-baseline-awake/challenge,sink,2,3,6,277,291,287,289,313,20,20,0,0,0,100.866773162939,100.866773162939,valid,valid,0.0746025662547947,0.0746025662547947,0,1,0,KnownSignal,3cbc608c1a7a3427b14f3042ce496749fa9e4c4cae378996db8663a858f64d3a
/Users/zcm361/Documents/Github/OxygenDynamicsV2/reference-validation/surge-full-movie-measurement-20260910/M400-01-baseline-awake/challenge,sink,3,1,7,4,17,4,16,634,20,3,1,0,0,NaN,NaN,insufficient_clean_prebaseline,insufficient_clean_prebaseline,NaN,NaN,NaN,1,0,KnownSignal,3cbc608c1a7a3427b14f3042ce496749fa9e4c4cae378996db8663a858f64d3a
/Users/zcm361/Documents/Github/OxygenDynamicsV2/reference-validation/surge-full-movie-measurement-20260910/M400-01-baseline-awake/challenge,sink,3,2,8,242,257,244,256,836,20,20,0,0,0,96.8388157894737,96.8388157894737,valid,valid,0.0597753752752225,0.0597753752752225,0,1,0,KnownSignal,3cbc608c1a7a3427b14f3042ce496749fa9e4c4cae378996db8663a858f64d3a
/Users/zcm361/Documents/Github/OxygenDynamicsV2/reference-validation/surge-full-movie-measurement-20260910/M400-01-baseline-awake/challenge,sink,3,3,9,456,461,457,461,453,20,20,0,0,0,99.5894039735099,99.5894039735099,valid,valid,0.113069113800594,0.113069113800594,0,1,0,KnownSignal,3cbc608c1a7a3427b14f3042ce496749fa9e4c4cae378996db8663a858f64d3a
/Users/zcm361/Documents/Github/OxygenDynamicsV2/reference-validation/surge-full-movie-measurement-20260910/M400-01-baseline-awake/challenge,sink,4,1,10,5,15,5,15,788,20,4,1,0,0,NaN,NaN,insufficient_clean_prebaseline,insufficient_clean_prebaseline,NaN,NaN,NaN,1,0,KnownSignal,3cbc608c1a7a3427b14f3042ce496749fa9e4c4cae378996db8663a858f64d3a
/Users/zcm361/Documents/Github/OxygenDynamicsV2/reference-validation/surge-full-movie-measurement-20260910/M400-01-baseline-awake/challenge,sink,4,2,11,17,53,18,46,3341,20,5,1,11,0,NaN,NaN,insufficient_clean_prebaseline,insufficient_clean_prebaseline,NaN,NaN,NaN,1,0,KnownSignal,3cbc608c1a7a3427b14f3042ce496749fa9e4c4cae378996db8663a858f64d3a
/Users/zcm361/Documents/Github/OxygenDynamicsV2/reference-validation/surge-full-movie-measurement-20260910/M400-01-baseline-awake/challenge,sink,4,3,12,209,214,209,214,498,20,20,0,0,0,131.705120481928,131.705120481928,valid,valid,0.0808083349151498,0.0808083349151498,0,1,0,KnownSignal,3cbc608c1a7a3427b14f3042ce496749fa9e4c4cae378996db8663a858f64d3a
/Users/zcm361/Documents/Github/OxygenDynamicsV2/reference-validation/surge-full-movie-measurement-20260910/M400-01-baseline-awake/challenge,sink,4,4,13,219,227,219,227,835,20,14,0,6,0,NaN,NaN,insufficient_clean_prebaseline,insufficient_clean_prebaseline,NaN,NaN,NaN,1,0,KnownSignal,3cbc608c1a7a3427b14f3042ce496749fa9e4c4cae378996db8663a858f64d3a
/Users/zcm361/Documents/Github/OxygenDynamicsV2/reference-validation/surge-full-movie-measurement-20260910/M400-01-baseline-awake/challenge,sink,4,5,14,234,240,237,239,380,20,10,0,10,0,NaN,NaN,insufficient_clean_prebaseline,insufficient_clean_prebaseline,NaN,NaN,NaN,1,0,KnownSignal,3cbc608c1a7a3427b14f3042ce496749fa9e4c4cae378996db8663a858f64d3a
/Users/zcm361/Documents/Github/OxygenDynamicsV2/reference-validation/surge-full-movie-measurement-20260910/M400-01-baseline-awake/challenge,sink,4,6,15,252,297,252,296,2227,20,3,0,17,0,NaN,NaN,insufficient_clean_prebaseline,insufficient_clean_prebaseline,NaN,NaN,NaN,1,0,KnownSignal,3cbc608c1a7a3427b14f3042ce496749fa9e4c4cae378996db8663a858f64d3a
/Users/zcm361/Documents/Github/OxygenDynamicsV2/reference-validation/surge-full-movie-measurement-20260910/M400-01-baseline-awake/challenge,sink,4,7,16,298,332,298,332,1492,20,1,0,19,0,NaN,NaN,insufficient_clean_prebaseline,insufficient_clean_prebaseline,NaN,NaN,NaN,1,0,KnownSignal,3cbc608c1a7a3427b14f3042ce496749fa9e4c4cae378996db8663a858f64d3a
/Users/zcm361/Documents/Github/OxygenDynamicsV2/reference-validation/surge-full-movie-measurement-20260910/M400-01-baseline-awake/challenge,sink,4,8,17,335,338,335,338,315,20,2,0,18,0,NaN,NaN,insufficient_clean_prebaseline,insufficient_clean_prebaseline,NaN,NaN,NaN,1,0,KnownSignal,3cbc608c1a7a3427b14f3042ce496749fa9e4c4cae378996db8663a858f64d3a
/Users/zcm361/Documents/Github/OxygenDynamicsV2/reference-validation/surge-full-movie-measurement-20260910/M400-01-baseline-awake/challenge,sink,4,9,18,340,361,340,355,1411,20,1,0,19,0,NaN,NaN,insufficient_clean_prebaseline,insufficient_clean_prebaseline,NaN,NaN,NaN,1,0,KnownSignal,3cbc608c1a7a3427b14f3042ce496749fa9e4c4cae378996db8663a858f64d3a
/Users/zcm361/Documents/Github/OxygenDynamicsV2/reference-validation/surge-full-movie-measurement-20260910/M400-01-baseline-awake/challenge,sink,4,10,19,403,408,405,408,318,20,20,0,0,0,113.525157232704,113.525157232704,valid,valid,0.173513199080358,0.173513199080358,0,1,0,KnownSignal,3cbc608c1a7a3427b14f3042ce496749fa9e4c4cae378996db8663a858f64d3a
/Users/zcm361/Documents/Github/OxygenDynamicsV2/reference-validation/surge-full-movie-measurement-20260910/M400-01-baseline-awake/challenge,sink,4,11,20,481,486,483,485,397,20,20,0,0,0,104.288287153652,104.288287153652,valid,valid,0.0878317587485764,0.0878317587485764,0,1,0,KnownSignal,3cbc608c1a7a3427b14f3042ce496749fa9e4c4cae378996db8663a858f64d3a
/Users/zcm361/Documents/Github/OxygenDynamicsV2/reference-validation/surge-full-movie-measurement-20260910/M400-01-baseline-awake/challenge,sink,4,12,21,503,507,504,507,484,20,17,0,3,0,NaN,NaN,insufficient_clean_prebaseline,insufficient_clean_prebaseline,NaN,NaN,NaN,1,0,KnownSignal,3cbc608c1a7a3427b14f3042ce496749fa9e4c4cae378996db8663a858f64d3a
/Users/zcm361/Documents/Github/OxygenDynamicsV2/reference-validation/surge-full-movie-measurement-20260910/M400-01-baseline-awake/challenge,sink,4,13,22,546,550,546,549,467,20,20,0,0,0,104.033190578158,104.033190578158,valid,valid,0.0721335432811552,0.0721335432811552,0,1,0,KnownSignal,3cbc608c1a7a3427b14f3042ce496749fa9e4c4cae378996db8663a858f64d3a
/Users/zcm361/Documents/Github/OxygenDynamicsV2/reference-validation/surge-full-movie-measurement-20260910/M400-01-baseline-awake/challenge,sink,4,14,23,573,576,573,575,800,20,20,0,0,0,95.3448125,95.3448125,valid,valid,0.0708461459295439,0.0708461459295439,0,1,0,KnownSignal,3cbc608c1a7a3427b14f3042ce496749fa9e4c4cae378996db8663a858f64d3a
/Users/zcm361/Documents/Github/OxygenDynamicsV2/reference-validation/surge-full-movie-measurement-20260910/M400-01-baseline-awake/challenge,sink,4,15,24,580,600,580,600,1634,20,17,0,3,0,NaN,NaN,insufficient_clean_prebaseline,insufficient_clean_prebaseline,NaN,NaN,NaN,1,0,KnownSignal,3cbc608c1a7a3427b14f3042ce496749fa9e4c4cae378996db8663a858f64d3a
/Users/zcm361/Documents/Github/OxygenDynamicsV2/reference-validation/surge-full-movie-measurement-20260910/M400-01-baseline-awake/challenge,sink,5,1,25,14,40,28,30,506,20,13,1,0,0,NaN,NaN,insufficient_clean_prebaseline,insufficient_clean_prebaseline,NaN,NaN,NaN,1,0,KnownSignal,3cbc608c1a7a3427b14f3042ce496749fa9e4c4cae378996db8663a858f64d3a
/Users/zcm361/Documents/Github/OxygenDynamicsV2/reference-validation/surge-full-movie-measurement-20260910/M400-01-baseline-awake/challenge,sink,5,2,26,123,131,125,128,796,20,10,0,10,0,NaN,NaN,insufficient_clean_prebaseline,insufficient_clean_prebaseline,NaN,NaN,NaN,1,0,KnownSignal,3cbc608c1a7a3427b14f3042ce496749fa9e4c4cae378996db8663a858f64d3a
/Users/zcm361/Documents/Github/OxygenDynamicsV2/reference-validation/surge-full-movie-measurement-20260910/M400-01-baseline-awake/challenge,sink,6,1,27,11,18,11,13,324,20,10,1,0,0,NaN,NaN,insufficient_clean_prebaseline,insufficient_clean_prebaseline,NaN,NaN,NaN,1,0,KnownSignal,3cbc608c1a7a3427b14f3042ce496749fa9e4c4cae378996db8663a858f64d3a
/Users/zcm361/Documents/Github/OxygenDynamicsV2/reference-validation/surge-full-movie-measurement-20260910/M400-01-baseline-awake/challenge,sink,6,2,28,95,99,97,99,504,20,20,0,0,0,97.5125992063492,97.5125992063492,valid,valid,0.0833907299321313,0.0833907299321313,0,1,0,KnownSignal,3cbc608c1a7a3427b14f3042ce496749fa9e4c4cae378996db8663a858f64d3a
/Users/zcm361/Documents/Github/OxygenDynamicsV2/reference-validation/surge-full-movie-measurement-20260910/M400-01-baseline-awake/challenge,sink,6,3,29,102,105,102,104,438,20,17,0,3,0,NaN,NaN,insufficient_clean_prebaseline,insufficient_clean_prebaseline,NaN,NaN,NaN,1,0,KnownSignal,3cbc608c1a7a3427b14f3042ce496749fa9e4c4cae378996db8663a858f64d3a
/Users/zcm361/Documents/Github/OxygenDynamicsV2/reference-validation/surge-full-movie-measurement-20260910/M400-01-baseline-awake/challenge,sink,6,4,30,122,131,124,130,563,20,17,0,3,0,NaN,NaN,insufficient_clean_prebaseline,insufficient_clean_prebaseline,NaN,NaN,NaN,1,0,KnownSignal,3cbc608c1a7a3427b14f3042ce496749fa9e4c4cae378996db8663a858f64d3a
/Users/zcm361/Documents/Github/OxygenDynamicsV2/reference-validation/surge-full-movie-measurement-20260910/M400-01-baseline-awake/challenge,sink,6,5,31,194,208,199,208,715,20,20,0,0,0,97.9744755244755,97.9744755244755,valid,valid,0.0922282455470421,0.0922282455470421,0,1,0,KnownSignal,3cbc608c1a7a3427b14f3042ce496749fa9e4c4cae378996db8663a858f64d3a
/Users/zcm361/Documents/Github/OxygenDynamicsV2/reference-validation/surge-full-movie-measurement-20260910/M400-01-baseline-awake/challenge,sink,6,6,32,241,254,245,254,516,20,20,0,0,0,94.8153100775194,94.8153100775194,valid,valid,0.0681189664934072,0.0681189664934072,0,1,0,KnownSignal,3cbc608c1a7a3427b14f3042ce496749fa9e4c4cae378996db8663a858f64d3a
/Users/zcm361/Documents/Github/OxygenDynamicsV2/reference-validation/surge-full-movie-measurement-20260910/M400-01-baseline-awake/challenge,sink,6,7,33,319,347,335,347,574,20,20,0,0,0,96.0743902439024,96.0743902439024,valid,valid,0.0873433949810233,0.0873433949810233,0,1,0,KnownSignal,3cbc608c1a7a3427b14f3042ce496749fa9e4c4cae378996db8663a858f64d3a
/Users/zcm361/Documents/Github/OxygenDynamicsV2/reference-validation/surge-full-movie-measurement-20260910/M400-01-baseline-awake/challenge,sink,6,8,34,374,390,387,390,298,20,20,0,0,0,95.5464765100671,95.5464765100671,valid,valid,0.116386311872538,0.116386311872538,0,1,0,KnownSignal,3cbc608c1a7a3427b14f3042ce496749fa9e4c4cae378996db8663a858f64d3a
/Users/zcm361/Documents/Github/OxygenDynamicsV2/reference-validation/surge-full-movie-measurement-20260910/M400-01-baseline-awake/challenge,sink,6,9,35,394,401,394,399,832,20,16,0,4,0,NaN,NaN,insufficient_clean_prebaseline,insufficient_clean_prebaseline,NaN,NaN,NaN,1,0,KnownSignal,3cbc608c1a7a3427b14f3042ce496749fa9e4c4cae378996db8663a858f64d3a
/Users/zcm361/Documents/Github/OxygenDynamicsV2/reference-validation/surge-full-movie-measurement-20260910/M400-01-baseline-awake/challenge,sink,6,10,36,557,570,567,569,795,20,20,0,0,0,89.5509433962264,89.5509433962264,valid,valid,0.067267849367213,0.067267849367213,0,1,0,KnownSignal,3cbc608c1a7a3427b14f3042ce496749fa9e4c4cae378996db8663a858f64d3a
/Users/zcm361/Documents/Github/OxygenDynamicsV2/reference-validation/surge-full-movie-measurement-20260910/M400-01-baseline-awake/challenge,sink,7,1,37,229,239,232,234,383,20,20,0,0,0,105.587467362924,105.587467362924,valid,valid,0.128313550939664,0.128313550939664,0,1,0,KnownSignal,3cbc608c1a7a3427b14f3042ce496749fa9e4c4cae378996db8663a858f64d3a
/Users/zcm361/Documents/Github/OxygenDynamicsV2/reference-validation/surge-full-movie-measurement-20260910/M400-01-baseline-awake/challenge,sink,7,2,38,486,500,488,500,791,20,17,0,3,0,NaN,NaN,insufficient_clean_prebaseline,insufficient_clean_prebaseline,NaN,NaN,NaN,1,0,KnownSignal,3cbc608c1a7a3427b14f3042ce496749fa9e4c4cae378996db8663a858f64d3a
/Users/zcm361/Documents/Github/OxygenDynamicsV2/reference-validation/surge-full-movie-measurement-20260910/M400-01-baseline-awake/challenge,sink,8,1,39,220,244,225,242,1919,20,20,0,0,0,113.5278791037,113.5278791037,valid,valid,0.132497934453319,0.132497934453319,0,1,0,KnownSignal,3cbc608c1a7a3427b14f3042ce496749fa9e4c4cae378996db8663a858f64d3a
/Users/zcm361/Documents/Github/OxygenDynamicsV2/reference-validation/surge-full-movie-measurement-20260910/M400-01-baseline-awake/challenge,sink,8,2,40,354,374,356,372,883,20,20,0,0,0,112.824178935447,112.824178935447,valid,valid,0.146167455049624,0.146167455049624,0,1,0,KnownSignal,3cbc608c1a7a3427b14f3042ce496749fa9e4c4cae378996db8663a858f64d3a
/Users/zcm361/Documents/Github/OxygenDynamicsV2/reference-validation/surge-full-movie-measurement-20260910/M400-01-baseline-awake/challenge,sink,8,3,41,451,460,454,458,361,20,20,0,0,0,109.427146814404,109.427146814404,valid,valid,0.0877194758905609,0.0877194758905609,0,1,0,KnownSignal,3cbc608c1a7a3427b14f3042ce496749fa9e4c4cae378996db8663a858f64d3a
/Users/zcm361/Documents/Github/OxygenDynamicsV2/reference-validation/surge-full-movie-measurement-20260910/M400-01-baseline-awake/challenge,sink,9,1,42,19,41,28,39,1275,20,18,1,0,0,NaN,NaN,insufficient_clean_prebaseline,insufficient_clean_prebaseline,NaN,NaN,NaN,1,0,KnownSignal,3cbc608c1a7a3427b14f3042ce496749fa9e4c4cae378996db8663a858f64d3a
/Users/zcm361/Documents/Github/OxygenDynamicsV2/reference-validation/surge-full-movie-measurement-20260910/M400-01-baseline-awake/challenge,sink,9,2,43,94,106,98,103,610,20,20,0,0,0,99.5355737704918,99.5355737704918,valid,valid,0.0641619192083891,0.0641619192083891,0,1,0,KnownSignal,3cbc608c1a7a3427b14f3042ce496749fa9e4c4cae378996db8663a858f64d3a
/Users/zcm361/Documents/Github/OxygenDynamicsV2/reference-validation/surge-full-movie-measurement-20260910/M400-01-baseline-awake/challenge,sink,9,3,44,220,233,226,232,667,20,20,0,0,0,105.168065967016,105.168065967016,valid,valid,0.116385424343986,0.116385424343986,0,1,0,KnownSignal,3cbc608c1a7a3427b14f3042ce496749fa9e4c4cae378996db8663a858f64d3a
/Users/zcm361/Documents/Github/OxygenDynamicsV2/reference-validation/surge-full-movie-measurement-20260910/M400-01-baseline-awake/challenge,sink,9,4,45,240,244,241,244,1153,20,13,0,7,0,NaN,NaN,insufficient_clean_prebaseline,insufficient_clean_prebaseline,NaN,NaN,NaN,1,0,KnownSignal,3cbc608c1a7a3427b14f3042ce496749fa9e4c4cae378996db8663a858f64d3a
/Users/zcm361/Documents/Github/OxygenDynamicsV2/reference-validation/surge-full-movie-measurement-20260910/M400-01-baseline-awake/challenge,sink,9,5,46,248,255,248,254,1107,20,11,0,9,0,NaN,NaN,insufficient_clean_prebaseline,insufficient_clean_prebaseline,NaN,NaN,NaN,1,0,KnownSignal,3cbc608c1a7a3427b14f3042ce496749fa9e4c4cae378996db8663a858f64d3a
/Users/zcm361/Documents/Github/OxygenDynamicsV2/reference-validation/surge-full-movie-measurement-20260910/M400-01-baseline-awake/challenge,sink,9,6,47,381,401,394,399,956,20,20,0,0,0,99.1299686192469,99.1299686192469,valid,valid,0.0808419486484134,0.0808419486484134,0,1,0,KnownSignal,3cbc608c1a7a3427b14f3042ce496749fa9e4c4cae378996db8663a858f64d3a
/Users/zcm361/Documents/Github/OxygenDynamicsV2/reference-validation/surge-full-movie-measurement-20260910/M400-01-baseline-awake/challenge,sink,9,7,48,446,451,448,451,435,20,20,0,0,0,99.0898850574713,99.0898850574713,valid,valid,0.0438264573439649,0.0438264573439649,0,1,0,KnownSignal,3cbc608c1a7a3427b14f3042ce496749fa9e4c4cae378996db8663a858f64d3a
/Users/zcm361/Documents/Github/OxygenDynamicsV2/reference-validation/surge-full-movie-measurement-20260910/M400-01-baseline-awake/challenge,sink,9,8,49,455,460,455,457,481,20,16,0,4,0,NaN,NaN,insufficient_clean_prebaseline,insufficient_clean_prebaseline,NaN,NaN,NaN,1,0,KnownSignal,3cbc608c1a7a3427b14f3042ce496749fa9e4c4cae378996db8663a858f64d3a
/Users/zcm361/Documents/Github/OxygenDynamicsV2/reference-validation/surge-full-movie-measurement-20260910/M400-01-baseline-awake/challenge,sink,9,9,50,588,596,592,596,653,20,20,0,0,0,92.2266462480858,92.2266462480858,valid,valid,0.0711012221041446,0.0711012221041446,0,1,0,KnownSignal,3cbc608c1a7a3427b14f3042ce496749fa9e4c4cae378996db8663a858f64d3a
/Users/zcm361/Documents/Github/OxygenDynamicsV2/reference-validation/surge-full-movie-measurement-20260910/M400-01-baseline-awake/challenge,sink,10,1,51,82,97,85,96,1074,20,9,0,11,0,NaN,NaN,insufficient_clean_prebaseline,insufficient_clean_prebaseline,NaN,NaN,NaN,1,0,KnownSignal,3cbc608c1a7a3427b14f3042ce496749fa9e4c4cae378996db8663a858f64d3a
/Users/zcm361/Documents/Github/OxygenDynamicsV2/reference-validation/surge-full-movie-measurement-20260910/M400-01-baseline-awake/challenge,sink,10,2,52,393,403,399,401,282,20,20,0,0,0,82.9636524822695,82.9636524822695,valid,valid,0.0835087569323486,0.0835087569323486,0,1,0,KnownSignal,3cbc608c1a7a3427b14f3042ce496749fa9e4c4cae378996db8663a858f64d3a
/Users/zcm361/Documents/Github/OxygenDynamicsV2/reference-validation/surge-full-movie-measurement-20260910/M400-01-baseline-awake/challenge,sink,10,3,53,471,477,472,475,534,20,20,0,0,0,78.4540262172285,78.4540262172285,valid,valid,0.0570588705663876,0.0570588705663876,0,1,0,KnownSignal,3cbc608c1a7a3427b14f3042ce496749fa9e4c4cae378996db8663a858f64d3a
/Users/zcm361/Documents/Github/OxygenDynamicsV2/reference-validation/surge-full-movie-measurement-20260910/M400-01-baseline-awake/challenge,sink,10,4,54,531,546,533,536,497,20,20,0,0,0,78.3072434607646,78.3072434607646,valid,valid,0.0674662822756159,0.0674662822756159,0,1,0,KnownSignal,3cbc608c1a7a3427b14f3042ce496749fa9e4c4cae378996db8663a858f64d3a
/Users/zcm361/Documents/Github/OxygenDynamicsV2/reference-validation/surge-full-movie-measurement-20260910/M400-01-baseline-awake/challenge,sink,11,1,55,41,47,41,43,430,20,20,0,0,0,125.68523255814,125.68523255814,valid,valid,0.0529127304922874,0.0529127304922874,0,1,0,KnownSignal,3cbc608c1a7a3427b14f3042ce496749fa9e4c4cae378996db8663a858f64d3a
/Users/zcm361/Documents/Github/OxygenDynamicsV2/reference-validation/surge-full-movie-measurement-20260910/M400-01-baseline-awake/challenge,sink,11,2,56,453,473,465,473,1237,20,20,0,0,0,109.531851253032,109.531851253032,valid,valid,0.0785580433815112,0.0785580433815112,0,1,0,KnownSignal,3cbc608c1a7a3427b14f3042ce496749fa9e4c4cae378996db8663a858f64d3a
/Users/zcm361/Documents/Github/OxygenDynamicsV2/reference-validation/surge-full-movie-measurement-20260910/M400-01-baseline-awake/challenge,sink,12,1,57,107,124,109,124,2102,20,20,0,0,0,98.3376308277831,98.3376308277831,valid,valid,0.104949694178728,0.104949694178728,0,1,0,KnownSignal,3cbc608c1a7a3427b14f3042ce496749fa9e4c4cae378996db8663a858f64d3a
/Users/zcm361/Documents/Github/OxygenDynamicsV2/reference-validation/surge-full-movie-measurement-20260910/M400-01-baseline-awake/challenge,sink,12,2,58,126,139,126,139,1424,20,4,0,16,0,NaN,NaN,insufficient_clean_prebaseline,insufficient_clean_prebaseline,NaN,NaN,NaN,1,0,KnownSignal,3cbc608c1a7a3427b14f3042ce496749fa9e4c4cae378996db8663a858f64d3a
/Users/zcm361/Documents/Github/OxygenDynamicsV2/reference-validation/surge-full-movie-measurement-20260910/M400-01-baseline-awake/challenge,sink,12,3,59,311,324,312,324,812,20,20,0,0,0,117.046921182266,117.046921182266,valid,valid,0.108689728025791,0.108689728025791,0,1,0,KnownSignal,3cbc608c1a7a3427b14f3042ce496749fa9e4c4cae378996db8663a858f64d3a
/Users/zcm361/Documents/Github/OxygenDynamicsV2/reference-validation/surge-full-movie-measurement-20260910/M400-01-baseline-awake/challenge,sink,12,4,60,349,372,351,355,443,20,20,0,0,0,108.237584650113,108.237584650113,valid,valid,0.151227600014599,0.151227600014599,0,1,0,KnownSignal,3cbc608c1a7a3427b14f3042ce496749fa9e4c4cae378996db8663a858f64d3a
/Users/zcm361/Documents/Github/OxygenDynamicsV2/reference-validation/surge-full-movie-measurement-20260910/M400-01-baseline-awake/challenge,sink,12,5,61,504,512,507,511,638,20,20,0,0,0,108.619043887147,108.619043887147,valid,valid,0.0855849908259791,0.0855849908259791,0,1,0,KnownSignal,3cbc608c1a7a3427b14f3042ce496749fa9e4c4cae378996db8663a858f64d3a
/Users/zcm361/Documents/Github/OxygenDynamicsV2/reference-validation/surge-full-movie-measurement-20260910/M400-01-baseline-awake/challenge,sink,13,1,62,43,47,45,47,2024,20,0,0,20,0,NaN,NaN,insufficient_clean_prebaseline,insufficient_clean_prebaseline,NaN,NaN,NaN,1,0,KnownSignal,3cbc608c1a7a3427b14f3042ce496749fa9e4c4cae378996db8663a858f64d3a
/Users/zcm361/Documents/Github/OxygenDynamicsV2/reference-validation/surge-full-movie-measurement-20260910/M400-01-baseline-awake/challenge,sink,13,2,63,49,52,49,51,1967,20,1,0,19,0,NaN,NaN,insufficient_clean_prebaseline,insufficient_clean_prebaseline,NaN,NaN,NaN,1,0,KnownSignal,3cbc608c1a7a3427b14f3042ce496749fa9e4c4cae378996db8663a858f64d3a
/Users/zcm361/Documents/Github/OxygenDynamicsV2/reference-validation/surge-full-movie-measurement-20260910/M400-01-baseline-awake/challenge,sink,13,3,64,60,62,60,62,586,20,12,0,8,0,NaN,NaN,insufficient_clean_prebaseline,insufficient_clean_prebaseline,NaN,NaN,NaN,1,0,KnownSignal,3cbc608c1a7a3427b14f3042ce496749fa9e4c4cae378996db8663a858f64d3a
/Users/zcm361/Documents/Github/OxygenDynamicsV2/reference-validation/surge-full-movie-measurement-20260910/M400-01-baseline-awake/challenge,sink,13,4,65,67,76,67,76,1510,20,11,0,9,0,NaN,NaN,insufficient_clean_prebaseline,insufficient_clean_prebaseline,NaN,NaN,NaN,1,0,KnownSignal,3cbc608c1a7a3427b14f3042ce496749fa9e4c4cae378996db8663a858f64d3a
/Users/zcm361/Documents/Github/OxygenDynamicsV2/reference-validation/surge-full-movie-measurement-20260910/M400-01-baseline-awake/challenge,sink,13,5,66,106,114,107,109,1357,20,18,0,2,0,NaN,NaN,insufficient_clean_prebaseline,insufficient_clean_prebaseline,NaN,NaN,NaN,1,0,KnownSignal,3cbc608c1a7a3427b14f3042ce496749fa9e4c4cae378996db8663a858f64d3a
/Users/zcm361/Documents/Github/OxygenDynamicsV2/reference-validation/surge-full-movie-measurement-20260910/M400-01-baseline-awake/challenge,sink,13,6,67,188,193,190,192,1078,20,20,0,0,0,88.825974025974,88.825974025974,valid,valid,0.120322408160878,0.120322408160878,0,1,0,KnownSignal,3cbc608c1a7a3427b14f3042ce496749fa9e4c4cae378996db8663a858f64d3a
/Users/zcm361/Documents/Github/OxygenDynamicsV2/reference-validation/surge-full-movie-measurement-20260910/M400-01-baseline-awake/challenge,sink,13,7,68,210,224,211,219,1755,20,17,0,3,0,NaN,NaN,insufficient_clean_prebaseline,insufficient_clean_prebaseline,NaN,NaN,NaN,1,0,KnownSignal,3cbc608c1a7a3427b14f3042ce496749fa9e4c4cae378996db8663a858f64d3a
/Users/zcm361/Documents/Github/OxygenDynamicsV2/reference-validation/surge-full-movie-measurement-20260910/M400-01-baseline-awake/challenge,sink,13,8,69,292,297,292,296,1141,20,18,0,2,0,NaN,NaN,insufficient_clean_prebaseline,insufficient_clean_prebaseline,NaN,NaN,NaN,1,0,KnownSignal,3cbc608c1a7a3427b14f3042ce496749fa9e4c4cae378996db8663a858f64d3a
/Users/zcm361/Documents/Github/OxygenDynamicsV2/reference-validation/surge-full-movie-measurement-20260910/M400-01-baseline-awake/challenge,sink,13,9,70,347,361,349,357,1153,20,18,0,2,0,NaN,NaN,insufficient_clean_prebaseline,insufficient_clean_prebaseline,NaN,NaN,NaN,1,0,KnownSignal,3cbc608c1a7a3427b14f3042ce496749fa9e4c4cae378996db8663a858f64d3a
/Users/zcm361/Documents/Github/OxygenDynamicsV2/reference-validation/surge-full-movie-measurement-20260910/M400-01-baseline-awake/challenge,sink,13,10,71,403,410,404,409,1087,20,20,0,0,0,86.6813707451702,86.6813707451702,valid,valid,0.185344500499615,0.185344500499615,0,1,0,KnownSignal,3cbc608c1a7a3427b14f3042ce496749fa9e4c4cae378996db8663a858f64d3a
/Users/zcm361/Documents/Github/OxygenDynamicsV2/reference-validation/surge-full-movie-measurement-20260910/M400-01-baseline-awake/challenge,sink,13,11,72,461,467,462,465,1162,20,20,0,0,0,80.1824440619622,80.1824440619622,valid,valid,0.149218649379642,0.149218649379642,0,1,0,KnownSignal,3cbc608c1a7a3427b14f3042ce496749fa9e4c4cae378996db8663a858f64d3a
/Users/zcm361/Documents/Github/OxygenDynamicsV2/reference-validation/surge-full-movie-measurement-20260910/M400-01-baseline-awake/challenge,sink,13,12,73,480,486,481,485,1140,20,16,0,4,0,NaN,NaN,insufficient_clean_prebaseline,insufficient_clean_prebaseline,NaN,NaN,NaN,1,0,KnownSignal,3cbc608c1a7a3427b14f3042ce496749fa9e4c4cae378996db8663a858f64d3a
/Users/zcm361/Documents/Github/OxygenDynamicsV2/reference-validation/surge-full-movie-measurement-20260910/M400-01-baseline-awake/challenge,sink,13,13,74,502,507,502,505,859,20,16,0,4,0,NaN,NaN,insufficient_clean_prebaseline,insufficient_clean_prebaseline,NaN,NaN,NaN,1,0,KnownSignal,3cbc608c1a7a3427b14f3042ce496749fa9e4c4cae378996db8663a858f64d3a
/Users/zcm361/Documents/Github/OxygenDynamicsV2/reference-validation/surge-full-movie-measurement-20260910/M400-01-baseline-awake/challenge,sink,13,14,75,513,517,513,515,631,20,16,0,4,0,NaN,NaN,insufficient_clean_prebaseline,insufficient_clean_prebaseline,NaN,NaN,NaN,1,0,KnownSignal,3cbc608c1a7a3427b14f3042ce496749fa9e4c4cae378996db8663a858f64d3a
/Users/zcm361/Documents/Github/OxygenDynamicsV2/reference-validation/surge-full-movie-measurement-20260910/M400-01-baseline-awake/challenge,sink,13,15,76,545,551,546,550,1441,20,20,0,0,0,81.5187369882026,81.5187369882026,valid,valid,0.14176992129805,0.14176992129805,0,1,0,KnownSignal,3cbc608c1a7a3427b14f3042ce496749fa9e4c4cae378996db8663a858f64d3a
/Users/zcm361/Documents/Github/OxygenDynamicsV2/reference-validation/surge-full-movie-measurement-20260910/M400-01-baseline-awake/challenge,sink,13,16,77,572,577,572,575,1307,20,20,0,0,0,79.2605202754399,79.2605202754399,valid,valid,0.0973758006052504,0.0973758006052504,0,1,0,KnownSignal,3cbc608c1a7a3427b14f3042ce496749fa9e4c4cae378996db8663a858f64d3a
/Users/zcm361/Documents/Github/OxygenDynamicsV2/reference-validation/surge-full-movie-measurement-20260910/M400-01-baseline-awake/challenge,sink,14,1,78,43,56,49,55,764,20,15,0,5,0,NaN,NaN,insufficient_clean_prebaseline,insufficient_clean_prebaseline,NaN,NaN,NaN,1,0,KnownSignal,3cbc608c1a7a3427b14f3042ce496749fa9e4c4cae378996db8663a858f64d3a
/Users/zcm361/Documents/Github/OxygenDynamicsV2/reference-validation/surge-full-movie-measurement-20260910/M400-01-baseline-awake/challenge,sink,14,2,79,219,241,234,240,732,20,17,0,3,0,NaN,NaN,insufficient_clean_prebaseline,insufficient_clean_prebaseline,NaN,NaN,NaN,1,0,KnownSignal,3cbc608c1a7a3427b14f3042ce496749fa9e4c4cae378996db8663a858f64d3a
/Users/zcm361/Documents/Github/OxygenDynamicsV2/reference-validation/surge-full-movie-measurement-20260910/M400-01-baseline-awake/challenge,sink,15,1,80,51,56,54,56,1157,20,20,0,0,0,130.919057908384,130.919057908384,valid,valid,0.062963881105158,0.062963881105158,0,1,0,KnownSignal,3cbc608c1a7a3427b14f3042ce496749fa9e4c4cae378996db8663a858f64d3a
/Users/zcm361/Documents/Github/OxygenDynamicsV2/reference-validation/surge-full-movie-measurement-20260910/M400-01-baseline-awake/challenge,sink,15,2,81,59,63,59,63,1649,20,17,0,3,0,NaN,NaN,insufficient_clean_prebaseline,insufficient_clean_prebaseline,NaN,NaN,NaN,1,0,KnownSignal,3cbc608c1a7a3427b14f3042ce496749fa9e4c4cae378996db8663a858f64d3a
/Users/zcm361/Documents/Github/OxygenDynamicsV2/reference-validation/surge-full-movie-measurement-20260910/M400-01-baseline-awake/challenge,sink,15,3,82,70,77,70,77,943,20,12,0,8,0,NaN,NaN,insufficient_clean_prebaseline,insufficient_clean_prebaseline,NaN,NaN,NaN,1,0,KnownSignal,3cbc608c1a7a3427b14f3042ce496749fa9e4c4cae378996db8663a858f64d3a
/Users/zcm361/Documents/Github/OxygenDynamicsV2/reference-validation/surge-full-movie-measurement-20260910/M400-01-baseline-awake/challenge,sink,15,4,83,79,85,79,85,992,20,7,0,13,0,NaN,NaN,insufficient_clean_prebaseline,insufficient_clean_prebaseline,NaN,NaN,NaN,1,0,KnownSignal,3cbc608c1a7a3427b14f3042ce496749fa9e4c4cae378996db8663a858f64d3a
/Users/zcm361/Documents/Github/OxygenDynamicsV2/reference-validation/surge-full-movie-measurement-20260910/M400-01-baseline-awake/challenge,sink,15,5,84,131,147,131,147,811,20,6,0,14,0,NaN,NaN,insufficient_clean_prebaseline,insufficient_clean_prebaseline,NaN,NaN,NaN,1,0,KnownSignal,3cbc608c1a7a3427b14f3042ce496749fa9e4c4cae378996db8663a858f64d3a
/Users/zcm361/Documents/Github/OxygenDynamicsV2/reference-validation/surge-full-movie-measurement-20260910/M400-01-baseline-awake/challenge,sink,15,6,85,155,203,155,202,1541,20,7,0,13,0,NaN,NaN,insufficient_clean_prebaseline,insufficient_clean_prebaseline,NaN,NaN,NaN,1,0,KnownSignal,3cbc608c1a7a3427b14f3042ce496749fa9e4c4cae378996db8663a858f64d3a
/Users/zcm361/Documents/Github/OxygenDynamicsV2/reference-validation/surge-full-movie-measurement-20260910/M400-01-baseline-awake/challenge,sink,15,7,86,208,215,208,215,511,20,13,0,7,0,NaN,NaN,insufficient_clean_prebaseline,insufficient_clean_prebaseline,NaN,NaN,NaN,1,0,KnownSignal,3cbc608c1a7a3427b14f3042ce496749fa9e4c4cae378996db8663a858f64d3a
/Users/zcm361/Documents/Github/OxygenDynamicsV2/reference-validation/surge-full-movie-measurement-20260910/M400-01-baseline-awake/challenge,sink,15,8,87,256,266,256,266,407,20,20,0,0,0,113.213144963145,113.213144963145,valid,valid,0.0958325873116633,0.0958325873116633,0,1,0,KnownSignal,3cbc608c1a7a3427b14f3042ce496749fa9e4c4cae378996db8663a858f64d3a
/Users/zcm361/Documents/Github/OxygenDynamicsV2/reference-validation/surge-full-movie-measurement-20260910/M400-01-baseline-awake/challenge,sink,15,9,88,292,295,292,294,269,20,20,0,0,0,123.716728624535,123.716728624535,valid,valid,0.0680232453320031,0.0680232453320031,0,1,0,KnownSignal,3cbc608c1a7a3427b14f3042ce496749fa9e4c4cae378996db8663a858f64d3a
/Users/zcm361/Documents/Github/OxygenDynamicsV2/reference-validation/surge-full-movie-measurement-20260910/M400-01-baseline-awake/challenge,sink,15,10,89,297,306,297,306,1001,20,17,0,3,0,NaN,NaN,insufficient_clean_prebaseline,insufficient_clean_prebaseline,NaN,NaN,NaN,1,0,KnownSignal,3cbc608c1a7a3427b14f3042ce496749fa9e4c4cae378996db8663a858f64d3a
/Users/zcm361/Documents/Github/OxygenDynamicsV2/reference-validation/surge-full-movie-measurement-20260910/M400-01-baseline-awake/challenge,sink,15,11,90,308,337,308,337,1146,20,7,0,13,0,NaN,NaN,insufficient_clean_prebaseline,insufficient_clean_prebaseline,NaN,NaN,NaN,1,0,KnownSignal,3cbc608c1a7a3427b14f3042ce496749fa9e4c4cae378996db8663a858f64d3a
/Users/zcm361/Documents/Github/OxygenDynamicsV2/reference-validation/surge-full-movie-measurement-20260910/M400-01-baseline-awake/challenge,sink,15,12,91,341,344,341,344,334,20,3,0,17,0,NaN,NaN,insufficient_clean_prebaseline,insufficient_clean_prebaseline,NaN,NaN,NaN,1,0,KnownSignal,3cbc608c1a7a3427b14f3042ce496749fa9e4c4cae378996db8663a858f64d3a
/Users/zcm361/Documents/Github/OxygenDynamicsV2/reference-validation/surge-full-movie-measurement-20260910/M400-01-baseline-awake/challenge,sink,15,13,92,348,350,348,350,335,20,6,0,14,0,NaN,NaN,insufficient_clean_prebaseline,insufficient_clean_prebaseline,NaN,NaN,NaN,1,0,KnownSignal,3cbc608c1a7a3427b14f3042ce496749fa9e4c4cae378996db8663a858f64d3a
/Users/zcm361/Documents/Github/OxygenDynamicsV2/reference-validation/surge-full-movie-measurement-20260910/M400-01-baseline-awake/challenge,sink,15,14,93,354,389,354,389,2099,20,9,0,11,0,NaN,NaN,insufficient_clean_prebaseline,insufficient_clean_prebaseline,NaN,NaN,NaN,1,0,KnownSignal,3cbc608c1a7a3427b14f3042ce496749fa9e4c4cae378996db8663a858f64d3a
/Users/zcm361/Documents/Github/OxygenDynamicsV2/reference-validation/surge-full-movie-measurement-20260910/M400-01-baseline-awake/challenge,sink,15,15,94,416,418,416,418,231,20,20,0,0,0,129.295454545455,129.295454545455,valid,valid,0.0568934200503898,0.0568934200503898,0,1,0,KnownSignal,3cbc608c1a7a3427b14f3042ce496749fa9e4c4cae378996db8663a858f64d3a
/Users/zcm361/Documents/Github/OxygenDynamicsV2/reference-validation/surge-full-movie-measurement-20260910/M400-01-baseline-awake/challenge,sink,15,16,95,440,442,440,442,440,20,6,0,14,0,NaN,NaN,insufficient_clean_prebaseline,insufficient_clean_prebaseline,NaN,NaN,NaN,1,0,KnownSignal,3cbc608c1a7a3427b14f3042ce496749fa9e4c4cae378996db8663a858f64d3a
/Users/zcm361/Documents/Github/OxygenDynamicsV2/reference-validation/surge-full-movie-measurement-20260910/M400-01-baseline-awake/challenge,sink,15,17,96,463,477,467,477,2265,20,13,0,7,0,NaN,NaN,insufficient_clean_prebaseline,insufficient_clean_prebaseline,NaN,NaN,NaN,1,0,KnownSignal,3cbc608c1a7a3427b14f3042ce496749fa9e4c4cae378996db8663a858f64d3a
/Users/zcm361/Documents/Github/OxygenDynamicsV2/reference-validation/surge-full-movie-measurement-20260910/M400-01-baseline-awake/challenge,sink,15,18,97,479,488,479,488,2211,20,9,0,11,0,NaN,NaN,insufficient_clean_prebaseline,insufficient_clean_prebaseline,NaN,NaN,NaN,1,0,KnownSignal,3cbc608c1a7a3427b14f3042ce496749fa9e4c4cae378996db8663a858f64d3a
/Users/zcm361/Documents/Github/OxygenDynamicsV2/reference-validation/surge-full-movie-measurement-20260910/M400-01-baseline-awake/challenge,sink,15,19,98,490,510,490,510,775,20,2,0,18,0,NaN,NaN,insufficient_clean_prebaseline,insufficient_clean_prebaseline,NaN,NaN,NaN,1,0,KnownSignal,3cbc608c1a7a3427b14f3042ce496749fa9e4c4cae378996db8663a858f64d3a
/Users/zcm361/Documents/Github/OxygenDynamicsV2/reference-validation/surge-full-movie-measurement-20260910/M400-01-baseline-awake/challenge,sink,15,20,99,515,533,515,533,1787,20,0,0,20,0,NaN,NaN,insufficient_clean_prebaseline,insufficient_clean_prebaseline,NaN,NaN,NaN,1,0,KnownSignal,3cbc608c1a7a3427b14f3042ce496749fa9e4c4cae378996db8663a858f64d3a
/Users/zcm361/Documents/Github/OxygenDynamicsV2/reference-validation/surge-full-movie-measurement-20260910/M400-01-baseline-awake/challenge,sink,15,21,100,577,581,577,581,463,20,20,0,0,0,113.869870410367,113.869870410367,valid,valid,0.0500884359870451,0.0500884359870451,0,1,0,KnownSignal,3cbc608c1a7a3427b14f3042ce496749fa9e4c4cae378996db8663a858f64d3a
/Users/zcm361/Documents/Github/OxygenDynamicsV2/reference-validation/surge-full-movie-measurement-20260910/M400-01-baseline-awake/challenge,sink,16,1,101,50,56,52,55,319,20,20,0,0,0,104.574137931034,104.574137931034,valid,valid,0.100786440901522,0.100786440901522,0,1,0,KnownSignal,3cbc608c1a7a3427b14f3042ce496749fa9e4c4cae378996db8663a858f64d3a
/Users/zcm361/Documents/Github/OxygenDynamicsV2/reference-validation/surge-full-movie-measurement-20260910/M400-01-baseline-awake/challenge,sink,16,2,102,59,66,62,66,249,20,16,0,4,0,NaN,NaN,insufficient_clean_prebaseline,insufficient_clean_prebaseline,NaN,NaN,NaN,1,0,KnownSignal,3cbc608c1a7a3427b14f3042ce496749fa9e4c4cae378996db8663a858f64d3a
/Users/zcm361/Documents/Github/OxygenDynamicsV2/reference-validation/surge-full-movie-measurement-20260910/M400-01-baseline-awake/challenge,sink,16,3,103,71,81,71,77,449,20,11,0,9,0,NaN,NaN,insufficient_clean_prebaseline,insufficient_clean_prebaseline,NaN,NaN,NaN,1,0,KnownSignal,3cbc608c1a7a3427b14f3042ce496749fa9e4c4cae378996db8663a858f64d3a
/Users/zcm361/Documents/Github/OxygenDynamicsV2/reference-validation/surge-full-movie-measurement-20260910/M400-01-baseline-awake/challenge,sink,16,4,104,110,117,113,115,512,20,20,0,0,0,103.29033203125,103.29033203125,valid,valid,0.0458668063417268,0.0458668063417268,0,1,0,KnownSignal,3cbc608c1a7a3427b14f3042ce496749fa9e4c4cae378996db8663a858f64d3a
/Users/zcm361/Documents/Github/OxygenDynamicsV2/reference-validation/surge-full-movie-measurement-20260910/M400-01-baseline-awake/challenge,sink,16,5,105,261,267,264,266,610,20,20,0,0,0,109.040901639344,109.040901639344,valid,valid,0.0743133686487023,0.0743133686487023,0,1,0,KnownSignal,3cbc608c1a7a3427b14f3042ce496749fa9e4c4cae378996db8663a858f64d3a
/Users/zcm361/Documents/Github/OxygenDynamicsV2/reference-validation/surge-full-movie-measurement-20260910/M400-01-baseline-awake/challenge,sink,16,6,106,297,301,299,301,385,20,20,0,0,0,112.591558441558,112.591558441558,valid,valid,0.0594898235779252,0.0594898235779252,0,1,0,KnownSignal,3cbc608c1a7a3427b14f3042ce496749fa9e4c4cae378996db8663a858f64d3a
/Users/zcm361/Documents/Github/OxygenDynamicsV2/reference-validation/surge-full-movie-measurement-20260910/M400-01-baseline-awake/challenge,sink,16,7,107,314,320,318,320,356,20,17,0,3,0,NaN,NaN,insufficient_clean_prebaseline,insufficient_clean_prebaseline,NaN,NaN,NaN,1,0,KnownSignal,3cbc608c1a7a3427b14f3042ce496749fa9e4c4cae378996db8663a858f64d3a
/Users/zcm361/Documents/Github/OxygenDynamicsV2/reference-validation/surge-full-movie-measurement-20260910/M400-01-baseline-awake/challenge,sink,16,8,108,324,333,324,333,489,20,17,0,3,0,NaN,NaN,insufficient_clean_prebaseline,insufficient_clean_prebaseline,NaN,NaN,NaN,1,0,KnownSignal,3cbc608c1a7a3427b14f3042ce496749fa9e4c4cae378996db8663a858f64d3a
/Users/zcm361/Documents/Github/OxygenDynamicsV2/reference-validation/surge-full-movie-measurement-20260910/M400-01-baseline-awake/challenge,sink,16,9,109,338,353,338,340,608,20,7,0,13,0,NaN,NaN,insufficient_clean_prebaseline,insufficient_clean_prebaseline,NaN,NaN,NaN,1,0,KnownSignal,3cbc608c1a7a3427b14f3042ce496749fa9e4c4cae378996db8663a858f64d3a
/Users/zcm361/Documents/Github/OxygenDynamicsV2/reference-validation/surge-full-movie-measurement-20260910/M400-01-baseline-awake/challenge,sink,16,10,110,482,498,483,485,616,20,20,0,0,0,108.79650974026,108.79650974026,valid,valid,0.0944162557735794,0.0944162557735794,0,1,0,KnownSignal,3cbc608c1a7a3427b14f3042ce496749fa9e4c4cae378996db8663a858f64d3a
/Users/zcm361/Documents/Github/OxygenDynamicsV2/reference-validation/surge-full-movie-measurement-20260910/M400-01-baseline-awake/challenge,sink,16,11,111,537,542,537,542,312,20,20,0,0,0,106.698076923077,106.698076923077,valid,valid,0.0728090886698026,0.0728090886698026,0,1,0,KnownSignal,3cbc608c1a7a3427b14f3042ce496749fa9e4c4cae378996db8663a858f64d3a
/Users/zcm361/Documents/Github/OxygenDynamicsV2/reference-validation/surge-full-movie-measurement-20260910/M400-01-baseline-awake/challenge,sink,16,12,112,553,559,556,558,443,20,14,0,6,0,NaN,NaN,insufficient_clean_prebaseline,insufficient_clean_prebaseline,NaN,NaN,NaN,1,0,KnownSignal,3cbc608c1a7a3427b14f3042ce496749fa9e4c4cae378996db8663a858f64d3a
/Users/zcm361/Documents/Github/OxygenDynamicsV2/reference-validation/surge-full-movie-measurement-20260910/M400-01-baseline-awake/challenge,sink,17,1,113,44,63,54,56,558,20,20,0,0,0,131.072759856631,131.072759856631,valid,valid,0.0763427246351447,0.0763427246351447,0,1,0,KnownSignal,3cbc608c1a7a3427b14f3042ce496749fa9e4c4cae378996db8663a858f64d3a
/Users/zcm361/Documents/Github/OxygenDynamicsV2/reference-validation/surge-full-movie-measurement-20260910/M400-01-baseline-awake/challenge,sink,18,1,114,71,84,71,76,355,20,20,0,0,0,89.5288732394366,89.5288732394366,valid,valid,0.0327142868379862,0.0327142868379862,0,1,0,KnownSignal,3cbc608c1a7a3427b14f3042ce496749fa9e4c4cae378996db8663a858f64d3a
/Users/zcm361/Documents/Github/OxygenDynamicsV2/reference-validation/surge-full-movie-measurement-20260910/M400-01-baseline-awake/challenge,sink,18,2,115,483,489,485,489,503,20,20,0,0,0,93.2074552683897,93.2074552683897,valid,valid,0.0780735591633277,0.0780735591633277,0,1,0,KnownSignal,3cbc608c1a7a3427b14f3042ce496749fa9e4c4cae378996db8663a858f64d3a
/Users/zcm361/Documents/Github/OxygenDynamicsV2/reference-validation/surge-full-movie-measurement-20260910/M400-01-baseline-awake/challenge,sink,18,3,116,491,520,491,512,658,20,15,0,5,0,NaN,NaN,insufficient_clean_prebaseline,insufficient_clean_prebaseline,NaN,NaN,NaN,1,0,KnownSignal,3cbc608c1a7a3427b14f3042ce496749fa9e4c4cae378996db8663a858f64d3a
/Users/zcm361/Documents/Github/OxygenDynamicsV2/reference-validation/surge-full-movie-measurement-20260910/M400-01-baseline-awake/challenge,sink,19,1,117,68,74,72,74,436,20,20,0,0,0,99.9391055045872,99.9391055045872,valid,valid,0.0522669194199679,0.0522669194199679,0,1,0,KnownSignal,3cbc608c1a7a3427b14f3042ce496749fa9e4c4cae378996db8663a858f64d3a
/Users/zcm361/Documents/Github/OxygenDynamicsV2/reference-validation/surge-full-movie-measurement-20260910/M400-01-baseline-awake/challenge,sink,19,2,118,501,530,505,530,1367,20,20,0,0,0,110.141916605706,110.141916605706,valid,valid,0.10083419675354,0.10083419675354,0,1,0,KnownSignal,3cbc608c1a7a3427b14f3042ce496749fa9e4c4cae378996db8663a858f64d3a
/Users/zcm361/Documents/Github/OxygenDynamicsV2/reference-validation/surge-full-movie-measurement-20260910/M400-01-baseline-awake/challenge,sink,19,3,119,553,559,553,557,856,20,10,0,10,0,NaN,NaN,insufficient_clean_prebaseline,insufficient_clean_prebaseline,NaN,NaN,NaN,1,0,KnownSignal,3cbc608c1a7a3427b14f3042ce496749fa9e4c4cae378996db8663a858f64d3a
/Users/zcm361/Documents/Github/OxygenDynamicsV2/reference-validation/surge-full-movie-measurement-20260910/M400-01-baseline-awake/challenge,sink,20,1,120,70,80,78,80,256,20,20,0,0,0,70.01484375,70.01484375,valid,valid,0.0467981120074984,0.0467981120074984,0,1,0,KnownSignal,3cbc608c1a7a3427b14f3042ce496749fa9e4c4cae378996db8663a858f64d3a
/Users/zcm361/Documents/Github/OxygenDynamicsV2/reference-validation/surge-full-movie-measurement-20260910/M400-01-baseline-awake/challenge,sink,21,1,121,81,86,81,86,280,20,20,0,0,0,98.2035714285715,98.2035714285715,valid,valid,0.0214205186020296,0.0214205186020296,0,1,0,KnownSignal,3cbc608c1a7a3427b14f3042ce496749fa9e4c4cae378996db8663a858f64d3a
/Users/zcm361/Documents/Github/OxygenDynamicsV2/reference-validation/surge-full-movie-measurement-20260910/M400-01-baseline-awake/challenge,sink,21,2,122,90,109,90,98,830,20,3,0,17,0,NaN,NaN,insufficient_clean_prebaseline,insufficient_clean_prebaseline,NaN,NaN,NaN,1,0,KnownSignal,3cbc608c1a7a3427b14f3042ce496749fa9e4c4cae378996db8663a858f64d3a
/Users/zcm361/Documents/Github/OxygenDynamicsV2/reference-validation/surge-full-movie-measurement-20260910/M400-01-baseline-awake/challenge,sink,22,1,123,73,107,87,89,362,20,20,0,0,0,94.0129834254144,94.0129834254144,valid,valid,0.0463583553464757,0.0463583553464757,0,1,0,KnownSignal,3cbc608c1a7a3427b14f3042ce496749fa9e4c4cae378996db8663a858f64d3a
/Users/zcm361/Documents/Github/OxygenDynamicsV2/reference-validation/surge-full-movie-measurement-20260910/M400-01-baseline-awake/challenge,sink,22,2,124,220,236,234,236,375,20,20,0,0,0,99.0470666666667,99.0470666666667,valid,valid,0.1458336979187,0.1458336979187,0,1,0,KnownSignal,3cbc608c1a7a3427b14f3042ce496749fa9e4c4cae378996db8663a858f64d3a
/Users/zcm361/Documents/Github/OxygenDynamicsV2/reference-validation/surge-full-movie-measurement-20260910/M400-01-baseline-awake/challenge,sink,22,3,125,241,255,241,243,468,20,17,0,3,0,NaN,NaN,insufficient_clean_prebaseline,insufficient_clean_prebaseline,NaN,NaN,NaN,1,0,KnownSignal,3cbc608c1a7a3427b14f3042ce496749fa9e4c4cae378996db8663a858f64d3a
/Users/zcm361/Documents/Github/OxygenDynamicsV2/reference-validation/surge-full-movie-measurement-20260910/M400-01-baseline-awake/challenge,sink,22,4,126,433,458,439,444,979,20,20,0,0,0,93.1966292134831,93.1966292134831,valid,valid,0.0685284334087758,0.0685284334087758,0,1,0,KnownSignal,3cbc608c1a7a3427b14f3042ce496749fa9e4c4cae378996db8663a858f64d3a
/Users/zcm361/Documents/Github/OxygenDynamicsV2/reference-validation/surge-full-movie-measurement-20260910/M400-01-baseline-awake/challenge,sink,22,5,127,492,495,493,495,179,20,20,0,0,0,80.3891061452514,80.3891061452514,valid,valid,0.107205526194174,0.107205526194174,0,1,0,KnownSignal,3cbc608c1a7a3427b14f3042ce496749fa9e4c4cae378996db8663a858f64d3a
/Users/zcm361/Documents/Github/OxygenDynamicsV2/reference-validation/surge-full-movie-measurement-20260910/M400-01-baseline-awake/challenge,sink,22,6,128,498,502,498,502,415,20,17,0,3,0,NaN,NaN,insufficient_clean_prebaseline,insufficient_clean_prebaseline,NaN,NaN,NaN,1,0,KnownSignal,3cbc608c1a7a3427b14f3042ce496749fa9e4c4cae378996db8663a858f64d3a
/Users/zcm361/Documents/Github/OxygenDynamicsV2/reference-validation/surge-full-movie-measurement-20260910/M400-01-baseline-awake/challenge,sink,22,7,129,510,514,510,514,372,20,12,0,8,0,NaN,NaN,insufficient_clean_prebaseline,insufficient_clean_prebaseline,NaN,NaN,NaN,1,0,KnownSignal,3cbc608c1a7a3427b14f3042ce496749fa9e4c4cae378996db8663a858f64d3a
/Users/zcm361/Documents/Github/OxygenDynamicsV2/reference-validation/surge-full-movie-measurement-20260910/M400-01-baseline-awake/challenge,sink,22,8,130,525,528,525,528,662,20,15,0,5,0,NaN,NaN,insufficient_clean_prebaseline,insufficient_clean_prebaseline,NaN,NaN,NaN,1,0,KnownSignal,3cbc608c1a7a3427b14f3042ce496749fa9e4c4cae378996db8663a858f64d3a
/Users/zcm361/Documents/Github/OxygenDynamicsV2/reference-validation/surge-full-movie-measurement-20260910/M400-01-baseline-awake/challenge,sink,22,9,131,530,545,530,545,1385,20,11,0,9,0,NaN,NaN,insufficient_clean_prebaseline,insufficient_clean_prebaseline,NaN,NaN,NaN,1,0,KnownSignal,3cbc608c1a7a3427b14f3042ce496749fa9e4c4cae378996db8663a858f64d3a
/Users/zcm361/Documents/Github/OxygenDynamicsV2/reference-validation/surge-full-movie-measurement-20260910/M400-01-baseline-awake/challenge,sink,22,10,132,549,551,549,551,649,20,4,0,16,0,NaN,NaN,insufficient_clean_prebaseline,insufficient_clean_prebaseline,NaN,NaN,NaN,1,0,KnownSignal,3cbc608c1a7a3427b14f3042ce496749fa9e4c4cae378996db8663a858f64d3a
/Users/zcm361/Documents/Github/OxygenDynamicsV2/reference-validation/surge-full-movie-measurement-20260910/M400-01-baseline-awake/challenge,sink,23,1,133,94,105,96,104,508,20,10,0,10,0,NaN,NaN,insufficient_clean_prebaseline,insufficient_clean_prebaseline,NaN,NaN,NaN,1,0,KnownSignal,3cbc608c1a7a3427b14f3042ce496749fa9e4c4cae378996db8663a858f64d3a
/Users/zcm361/Documents/Github/OxygenDynamicsV2/reference-validation/surge-full-movie-measurement-20260910/M400-01-baseline-awake/challenge,sink,23,2,134,116,120,116,119,457,20,11,0,9,0,NaN,NaN,insufficient_clean_prebaseline,insufficient_clean_prebaseline,NaN,NaN,NaN,1,0,KnownSignal,3cbc608c1a7a3427b14f3042ce496749fa9e4c4cae378996db8663a858f64d3a
/Users/zcm361/Documents/Github/OxygenDynamicsV2/reference-validation/surge-full-movie-measurement-20260910/M400-01-baseline-awake/challenge,sink,23,3,135,146,154,146,153,519,20,20,0,0,0,116.477938342967,116.477938342967,valid,valid,0.0896255792814304,0.0896255792814304,0,1,0,KnownSignal,3cbc608c1a7a3427b14f3042ce496749fa9e4c4cae378996db8663a858f64d3a
/Users/zcm361/Documents/Github/OxygenDynamicsV2/reference-validation/surge-full-movie-measurement-20260910/M400-01-baseline-awake/challenge,sink,23,4,136,194,197,195,197,421,20,20,0,0,0,119.838361045131,119.838361045131,valid,valid,0.0733559356972328,0.0733559356972328,0,1,0,KnownSignal,3cbc608c1a7a3427b14f3042ce496749fa9e4c4cae378996db8663a858f64d3a
/Users/zcm361/Documents/Github/OxygenDynamicsV2/reference-validation/surge-full-movie-measurement-20260910/M400-01-baseline-awake/challenge,sink,23,5,137,201,207,201,205,525,20,17,0,3,0,NaN,NaN,insufficient_clean_prebaseline,insufficient_clean_prebaseline,NaN,NaN,NaN,1,0,KnownSignal,3cbc608c1a7a3427b14f3042ce496749fa9e4c4cae378996db8663a858f64d3a
/Users/zcm361/Documents/Github/OxygenDynamicsV2/reference-validation/surge-full-movie-measurement-20260910/M400-01-baseline-awake/challenge,sink,23,6,138,242,254,248,253,359,20,20,0,0,0,114.828551532033,114.828551532033,valid,valid,0.0702136769241781,0.0702136769241781,0,1,0,KnownSignal,3cbc608c1a7a3427b14f3042ce496749fa9e4c4cae378996db8663a858f64d3a
/Users/zcm361/Documents/Github/OxygenDynamicsV2/reference-validation/surge-full-movie-measurement-20260910/M400-01-baseline-awake/challenge,sink,23,7,139,520,544,540,542,234,20,20,0,0,0,123.125213675214,123.125213675214,valid,valid,0.097923384227716,0.097923384227716,0,1,0,KnownSignal,3cbc608c1a7a3427b14f3042ce496749fa9e4c4cae378996db8663a858f64d3a
/Users/zcm361/Documents/Github/OxygenDynamicsV2/reference-validation/surge-full-movie-measurement-20260910/M400-01-baseline-awake/challenge,sink,24,1,140,432,461,449,461,1004,20,20,0,0,0,85.3621513944223,85.3621513944223,valid,valid,0.0847525658198724,0.0847525658198724,0,1,0,KnownSignal,3cbc608c1a7a3427b14f3042ce496749fa9e4c4cae378996db8663a858f64d3a
/Users/zcm361/Documents/Github/OxygenDynamicsV2/reference-validation/surge-full-movie-measurement-20260910/M400-01-baseline-awake/challenge,sink,25,1,141,95,111,102,105,428,20,18,0,2,0,NaN,NaN,insufficient_clean_prebaseline,insufficient_clean_prebaseline,NaN,NaN,NaN,1,0,KnownSignal,3cbc608c1a7a3427b14f3042ce496749fa9e4c4cae378996db8663a858f64d3a
/Users/zcm361/Documents/Github/OxygenDynamicsV2/reference-validation/surge-full-movie-measurement-20260910/M400-01-baseline-awake/challenge,sink,25,2,142,542,546,542,545,680,20,20,0,0,0,80.6175,80.6175,valid,valid,0.0296406961705512,0.0296406961705512,0,1,0,KnownSignal,3cbc608c1a7a3427b14f3042ce496749fa9e4c4cae378996db8663a858f64d3a
/Users/zcm361/Documents/Github/OxygenDynamicsV2/reference-validation/surge-full-movie-measurement-20260910/M400-01-baseline-awake/challenge,sink,26,1,143,276,290,285,287,184,20,20,0,0,0,110.002173913043,110.002173913043,valid,valid,0.0758581846208571,0.0758581846208571,0,1,0,KnownSignal,3cbc608c1a7a3427b14f3042ce496749fa9e4c4cae378996db8663a858f64d3a
/Users/zcm361/Documents/Github/OxygenDynamicsV2/reference-validation/surge-full-movie-measurement-20260910/M400-01-baseline-awake/challenge,sink,27,1,144,117,124,120,124,771,20,20,0,0,0,123.760440985733,123.760440985733,valid,valid,0.037878081268674,0.037878081268674,0,1,0,KnownSignal,3cbc608c1a7a3427b14f3042ce496749fa9e4c4cae378996db8663a858f64d3a
/Users/zcm361/Documents/Github/OxygenDynamicsV2/reference-validation/surge-full-movie-measurement-20260910/M400-01-baseline-awake/challenge,sink,27,2,145,129,131,129,131,496,20,15,0,5,0,NaN,NaN,insufficient_clean_prebaseline,insufficient_clean_prebaseline,NaN,NaN,NaN,1,0,KnownSignal,3cbc608c1a7a3427b14f3042ce496749fa9e4c4cae378996db8663a858f64d3a
/Users/zcm361/Documents/Github/OxygenDynamicsV2/reference-validation/surge-full-movie-measurement-20260910/M400-01-baseline-awake/challenge,sink,27,3,146,137,142,137,142,340,20,12,0,8,0,NaN,NaN,insufficient_clean_prebaseline,insufficient_clean_prebaseline,NaN,NaN,NaN,1,0,KnownSignal,3cbc608c1a7a3427b14f3042ce496749fa9e4c4cae378996db8663a858f64d3a
/Users/zcm361/Documents/Github/OxygenDynamicsV2/reference-validation/surge-full-movie-measurement-20260910/M400-01-baseline-awake/challenge,sink,28,1,147,139,150,141,143,303,20,20,0,0,0,73.0102310231023,73.0102310231023,valid,valid,0.0580460263718182,0.0580460263718182,0,1,0,KnownSignal,3cbc608c1a7a3427b14f3042ce496749fa9e4c4cae378996db8663a858f64d3a
/Users/zcm361/Documents/Github/OxygenDynamicsV2/reference-validation/surge-full-movie-measurement-20260910/M400-01-baseline-awake/challenge,sink,29,1,148,143,164,143,145,213,20,20,0,0,0,130.501877934272,130.501877934272,valid,valid,0.0307912033356235,0.0307912033356235,0,1,0,KnownSignal,3cbc608c1a7a3427b14f3042ce496749fa9e4c4cae378996db8663a858f64d3a
/Users/zcm361/Documents/Github/OxygenDynamicsV2/reference-validation/surge-full-movie-measurement-20260910/M400-01-baseline-awake/challenge,sink,30,1,149,137,147,138,147,1054,20,15,0,5,0,NaN,NaN,insufficient_clean_prebaseline,insufficient_clean_prebaseline,NaN,NaN,NaN,1,0,KnownSignal,3cbc608c1a7a3427b14f3042ce496749fa9e4c4cae378996db8663a858f64d3a
/Users/zcm361/Documents/Github/OxygenDynamicsV2/reference-validation/surge-full-movie-measurement-20260910/M400-01-baseline-awake/challenge,sink,30,2,150,150,162,150,153,505,20,8,0,12,0,NaN,NaN,insufficient_clean_prebaseline,insufficient_clean_prebaseline,NaN,NaN,NaN,1,0,KnownSignal,3cbc608c1a7a3427b14f3042ce496749fa9e4c4cae378996db8663a858f64d3a
/Users/zcm361/Documents/Github/OxygenDynamicsV2/reference-validation/surge-full-movie-measurement-20260910/M400-01-baseline-awake/challenge,sink,31,1,151,181,193,183,189,471,20,20,0,0,0,80.3667728237792,80.3667728237792,valid,valid,0.0712695907166585,0.0712695907166585,0,1,0,KnownSignal,3cbc608c1a7a3427b14f3042ce496749fa9e4c4cae378996db8663a858f64d3a
/Users/zcm361/Documents/Github/OxygenDynamicsV2/reference-validation/surge-full-movie-measurement-20260910/M400-01-baseline-awake/challenge,sink,32,1,152,187,194,188,193,395,20,11,0,9,0,NaN,NaN,insufficient_clean_prebaseline,insufficient_clean_prebaseline,NaN,NaN,NaN,1,0,KnownSignal,3cbc608c1a7a3427b14f3042ce496749fa9e4c4cae378996db8663a858f64d3a
/Users/zcm361/Documents/Github/OxygenDynamicsV2/reference-validation/surge-full-movie-measurement-20260910/M400-01-baseline-awake/challenge,sink,32,2,153,209,222,212,218,545,20,6,0,14,0,NaN,NaN,insufficient_clean_prebaseline,insufficient_clean_prebaseline,NaN,NaN,NaN,1,0,KnownSignal,3cbc608c1a7a3427b14f3042ce496749fa9e4c4cae378996db8663a858f64d3a
/Users/zcm361/Documents/Github/OxygenDynamicsV2/reference-validation/surge-full-movie-measurement-20260910/M400-01-baseline-awake/challenge,sink,32,3,154,256,265,258,264,670,20,6,0,14,0,NaN,NaN,insufficient_clean_prebaseline,insufficient_clean_prebaseline,NaN,NaN,NaN,1,0,KnownSignal,3cbc608c1a7a3427b14f3042ce496749fa9e4c4cae378996db8663a858f64d3a
/Users/zcm361/Documents/Github/OxygenDynamicsV2/reference-validation/surge-full-movie-measurement-20260910/M400-01-baseline-awake/challenge,sink,32,4,155,272,277,272,276,494,20,10,0,10,0,NaN,NaN,insufficient_clean_prebaseline,insufficient_clean_prebaseline,NaN,NaN,NaN,1,0,KnownSignal,3cbc608c1a7a3427b14f3042ce496749fa9e4c4cae378996db8663a858f64d3a
/Users/zcm361/Documents/Github/OxygenDynamicsV2/reference-validation/surge-full-movie-measurement-20260910/M400-01-baseline-awake/challenge,sink,32,5,156,349,379,357,373,503,20,14,0,6,0,NaN,NaN,insufficient_clean_prebaseline,insufficient_clean_prebaseline,NaN,NaN,NaN,1,0,KnownSignal,3cbc608c1a7a3427b14f3042ce496749fa9e4c4cae378996db8663a858f64d3a
/Users/zcm361/Documents/Github/OxygenDynamicsV2/reference-validation/surge-full-movie-measurement-20260910/M400-01-baseline-awake/challenge,sink,33,1,157,192,198,193,195,255,20,20,0,0,0,133.011764705882,133.011764705882,valid,valid,0.0846158381980071,0.0846158381980071,0,1,0,KnownSignal,3cbc608c1a7a3427b14f3042ce496749fa9e4c4cae378996db8663a858f64d3a
/Users/zcm361/Documents/Github/OxygenDynamicsV2/reference-validation/surge-full-movie-measurement-20260910/M400-01-baseline-awake/challenge,sink,34,1,158,207,213,208,211,747,20,20,0,0,0,86.8074297188755,86.8074297188755,valid,valid,0.0726368895746252,0.0726368895746252,0,1,0,KnownSignal,3cbc608c1a7a3427b14f3042ce496749fa9e4c4cae378996db8663a858f64d3a
/Users/zcm361/Documents/Github/OxygenDynamicsV2/reference-validation/surge-full-movie-measurement-20260910/M400-01-baseline-awake/challenge,sink,35,1,159,437,454,452,454,452,20,20,0,0,0,78.7111725663717,78.7111725663717,valid,valid,0.0918123699140889,0.0918123699140889,0,1,0,KnownSignal,3cbc608c1a7a3427b14f3042ce496749fa9e4c4cae378996db8663a858f64d3a
/Users/zcm361/Documents/Github/OxygenDynamicsV2/reference-validation/surge-full-movie-measurement-20260910/M400-01-baseline-awake/challenge,sink,35,2,160,458,464,458,462,439,20,17,0,3,0,NaN,NaN,insufficient_clean_prebaseline,insufficient_clean_prebaseline,NaN,NaN,NaN,1,0,KnownSignal,3cbc608c1a7a3427b14f3042ce496749fa9e4c4cae378996db8663a858f64d3a
/Users/zcm361/Documents/Github/OxygenDynamicsV2/reference-validation/surge-full-movie-measurement-20260910/M400-01-baseline-awake/challenge,sink,36,1,161,223,234,232,234,301,20,20,0,0,0,100.292524916944,100.292524916944,valid,valid,0.109283309123975,0.109283309123975,0,1,0,KnownSignal,3cbc608c1a7a3427b14f3042ce496749fa9e4c4cae378996db8663a858f64d3a
/Users/zcm361/Documents/Github/OxygenDynamicsV2/reference-validation/surge-full-movie-measurement-20260910/M400-01-baseline-awake/challenge,sink,37,1,162,277,291,280,290,952,20,20,0,0,0,108.494695378151,108.494695378151,valid,valid,0.0565797518466758,0.0565797518466758,0,1,0,KnownSignal,3cbc608c1a7a3427b14f3042ce496749fa9e4c4cae378996db8663a858f64d3a
/Users/zcm361/Documents/Github/OxygenDynamicsV2/reference-validation/surge-full-movie-measurement-20260910/M400-01-baseline-awake/challenge,sink,37,2,163,395,408,398,404,666,20,20,0,0,0,86.1328828828829,86.1328828828829,valid,valid,0.129322141742715,0.129322141742715,0,1,0,KnownSignal,3cbc608c1a7a3427b14f3042ce496749fa9e4c4cae378996db8663a858f64d3a
/Users/zcm361/Documents/Github/OxygenDynamicsV2/reference-validation/surge-full-movie-measurement-20260910/M400-01-baseline-awake/challenge,sink,37,3,164,431,441,438,441,458,20,19,0,1,0,NaN,NaN,insufficient_clean_prebaseline,insufficient_clean_prebaseline,NaN,NaN,NaN,1,0,KnownSignal,3cbc608c1a7a3427b14f3042ce496749fa9e4c4cae378996db8663a858f64d3a
/Users/zcm361/Documents/Github/OxygenDynamicsV2/reference-validation/surge-full-movie-measurement-20260910/M400-01-baseline-awake/challenge,sink,37,4,165,461,464,461,463,341,20,19,0,1,0,NaN,NaN,insufficient_clean_prebaseline,insufficient_clean_prebaseline,NaN,NaN,NaN,1,0,KnownSignal,3cbc608c1a7a3427b14f3042ce496749fa9e4c4cae378996db8663a858f64d3a
/Users/zcm361/Documents/Github/OxygenDynamicsV2/reference-validation/surge-full-movie-measurement-20260910/M400-01-baseline-awake/challenge,sink,37,5,166,568,576,572,574,306,20,20,0,0,0,80.8057189542484,80.8057189542484,valid,valid,0.105212817801109,0.105212817801109,0,1,0,KnownSignal,3cbc608c1a7a3427b14f3042ce496749fa9e4c4cae378996db8663a858f64d3a
/Users/zcm361/Documents/Github/OxygenDynamicsV2/reference-validation/surge-full-movie-measurement-20260910/M400-01-baseline-awake/challenge,sink,38,1,167,264,286,266,279,1433,20,20,0,0,0,82.8203070481507,82.8203070481507,valid,valid,0.0557669055413018,0.0557669055413018,0,1,0,KnownSignal,3cbc608c1a7a3427b14f3042ce496749fa9e4c4cae378996db8663a858f64d3a
/Users/zcm361/Documents/Github/OxygenDynamicsV2/reference-validation/surge-full-movie-measurement-20260910/M400-01-baseline-awake/challenge,sink,39,1,168,294,311,297,311,721,20,20,0,0,0,97.4689320388349,97.4689320388349,valid,valid,0.0675929312089202,0.0675929312089202,0,1,0,KnownSignal,3cbc608c1a7a3427b14f3042ce496749fa9e4c4cae378996db8663a858f64d3a
/Users/zcm361/Documents/Github/OxygenDynamicsV2/reference-validation/surge-full-movie-measurement-20260910/M400-01-baseline-awake/challenge,sink,39,2,169,317,320,317,320,363,20,5,0,15,0,NaN,NaN,insufficient_clean_prebaseline,insufficient_clean_prebaseline,NaN,NaN,NaN,1,0,KnownSignal,3cbc608c1a7a3427b14f3042ce496749fa9e4c4cae378996db8663a858f64d3a
/Users/zcm361/Documents/Github/OxygenDynamicsV2/reference-validation/surge-full-movie-measurement-20260910/M400-01-baseline-awake/challenge,sink,39,3,170,326,328,326,328,211,20,10,0,10,0,NaN,NaN,insufficient_clean_prebaseline,insufficient_clean_prebaseline,NaN,NaN,NaN,1,0,KnownSignal,3cbc608c1a7a3427b14f3042ce496749fa9e4c4cae378996db8663a858f64d3a
/Users/zcm361/Documents/Github/OxygenDynamicsV2/reference-validation/surge-full-movie-measurement-20260910/M400-01-baseline-awake/challenge,sink,39,4,171,338,351,338,340,182,20,14,0,6,0,NaN,NaN,insufficient_clean_prebaseline,insufficient_clean_prebaseline,NaN,NaN,NaN,1,0,KnownSignal,3cbc608c1a7a3427b14f3042ce496749fa9e4c4cae378996db8663a858f64d3a
/Users/zcm361/Documents/Github/OxygenDynamicsV2/reference-validation/surge-full-movie-measurement-20260910/M400-01-baseline-awake/challenge,sink,40,1,172,342,360,351,358,497,20,20,0,0,0,115.396881287726,115.396881287726,valid,valid,0.161148865127349,0.161148865127349,0,1,0,KnownSignal,3cbc608c1a7a3427b14f3042ce496749fa9e4c4cae378996db8663a858f64d3a
/Users/zcm361/Documents/Github/OxygenDynamicsV2/reference-validation/surge-full-movie-measurement-20260910/M400-01-baseline-awake/challenge,sink,41,1,173,297,311,308,310,223,20,20,0,0,0,101.112107623318,101.112107623318,valid,valid,0.0872804683342201,0.0872804683342201,0,1,0,KnownSignal,3cbc608c1a7a3427b14f3042ce496749fa9e4c4cae378996db8663a858f64d3a
/Users/zcm361/Documents/Github/OxygenDynamicsV2/reference-validation/surge-full-movie-measurement-20260910/M400-01-baseline-awake/challenge,sink,42,1,174,331,349,339,341,450,20,20,0,0,0,87.7455555555556,87.7455555555556,valid,valid,0.0887034481012018,0.0887034481012018,0,1,0,KnownSignal,3cbc608c1a7a3427b14f3042ce496749fa9e4c4cae378996db8663a858f64d3a
/Users/zcm361/Documents/Github/OxygenDynamicsV2/reference-validation/surge-full-movie-measurement-20260910/M400-01-baseline-awake/challenge,sink,43,1,175,368,376,374,376,290,20,20,0,0,0,72.9320689655172,72.9320689655172,valid,valid,0.0558526356600142,0.0558526356600142,0,1,0,KnownSignal,3cbc608c1a7a3427b14f3042ce496749fa9e4c4cae378996db8663a858f64d3a
/Users/zcm361/Documents/Github/OxygenDynamicsV2/reference-validation/surge-full-movie-measurement-20260910/M400-01-baseline-awake/challenge,sink,44,1,176,397,402,398,402,656,20,9,0,11,0,NaN,NaN,insufficient_clean_prebaseline,insufficient_clean_prebaseline,NaN,NaN,NaN,1,0,KnownSignal,3cbc608c1a7a3427b14f3042ce496749fa9e4c4cae378996db8663a858f64d3a
/Users/zcm361/Documents/Github/OxygenDynamicsV2/reference-validation/surge-full-movie-measurement-20260910/M400-01-baseline-awake/challenge,sink,44,2,177,406,412,409,412,679,20,13,0,7,0,NaN,NaN,insufficient_clean_prebaseline,insufficient_clean_prebaseline,NaN,NaN,NaN,1,0,KnownSignal,3cbc608c1a7a3427b14f3042ce496749fa9e4c4cae378996db8663a858f64d3a
/Users/zcm361/Documents/Github/OxygenDynamicsV2/reference-validation/surge-full-movie-measurement-20260910/M400-01-baseline-awake/challenge,sink,44,3,178,417,419,417,419,1702,20,11,0,9,0,NaN,NaN,insufficient_clean_prebaseline,insufficient_clean_prebaseline,NaN,NaN,NaN,1,0,KnownSignal,3cbc608c1a7a3427b14f3042ce496749fa9e4c4cae378996db8663a858f64d3a
/Users/zcm361/Documents/Github/OxygenDynamicsV2/reference-validation/surge-full-movie-measurement-20260910/M400-01-baseline-awake/challenge,sink,44,4,179,421,428,421,428,1780,20,11,0,9,0,NaN,NaN,insufficient_clean_prebaseline,insufficient_clean_prebaseline,NaN,NaN,NaN,1,0,KnownSignal,3cbc608c1a7a3427b14f3042ce496749fa9e4c4cae378996db8663a858f64d3a
/Users/zcm361/Documents/Github/OxygenDynamicsV2/reference-validation/surge-full-movie-measurement-20260910/M400-01-baseline-awake/challenge,sink,44,5,180,431,436,431,436,562,20,7,0,13,0,NaN,NaN,insufficient_clean_prebaseline,insufficient_clean_prebaseline,NaN,NaN,NaN,1,0,KnownSignal,3cbc608c1a7a3427b14f3042ce496749fa9e4c4cae378996db8663a858f64d3a
/Users/zcm361/Documents/Github/OxygenDynamicsV2/reference-validation/surge-full-movie-measurement-20260910/M400-01-baseline-awake/challenge,sink,45,1,181,394,409,404,406,178,20,20,0,0,0,101.651966292135,101.651966292135,valid,valid,0.108104597920311,0.108104597920311,0,1,0,KnownSignal,3cbc608c1a7a3427b14f3042ce496749fa9e4c4cae378996db8663a858f64d3a
/Users/zcm361/Documents/Github/OxygenDynamicsV2/reference-validation/surge-full-movie-measurement-20260910/M400-01-baseline-awake/challenge,sink,46,1,182,409,434,426,428,415,20,16,0,4,0,NaN,NaN,insufficient_clean_prebaseline,insufficient_clean_prebaseline,NaN,NaN,NaN,1,0,KnownSignal,3cbc608c1a7a3427b14f3042ce496749fa9e4c4cae378996db8663a858f64d3a
/Users/zcm361/Documents/Github/OxygenDynamicsV2/reference-validation/surge-full-movie-measurement-20260910/M400-01-baseline-awake/challenge,sink,47,1,183,454,468,456,458,219,20,16,0,4,0,NaN,NaN,insufficient_clean_prebaseline,insufficient_clean_prebaseline,NaN,NaN,NaN,1,0,KnownSignal,3cbc608c1a7a3427b14f3042ce496749fa9e4c4cae378996db8663a858f64d3a
/Users/zcm361/Documents/Github/OxygenDynamicsV2/reference-validation/surge-full-movie-measurement-20260910/M400-01-baseline-awake/challenge,sink,48,1,184,467,472,468,470,268,20,20,0,0,0,129.784888059701,129.784888059701,valid,valid,0.0814306681405942,0.0814306681405942,0,1,0,KnownSignal,3cbc608c1a7a3427b14f3042ce496749fa9e4c4cae378996db8663a858f64d3a
/Users/zcm361/Documents/Github/OxygenDynamicsV2/reference-validation/surge-full-movie-measurement-20260910/M400-01-baseline-awake/challenge,sink,49,1,185,512,533,512,514,611,20,13,0,7,0,NaN,NaN,insufficient_clean_prebaseline,insufficient_clean_prebaseline,NaN,NaN,NaN,1,0,KnownSignal,3cbc608c1a7a3427b14f3042ce496749fa9e4c4cae378996db8663a858f64d3a
/Users/zcm361/Documents/Github/OxygenDynamicsV2/reference-validation/surge-full-movie-measurement-20260910/M400-01-baseline-awake/challenge,sink,50,1,186,512,520,512,520,512,20,20,0,0,0,89.59990234375,89.59990234375,valid,valid,0.114160934623647,0.114160934623647,0,1,0,KnownSignal,3cbc608c1a7a3427b14f3042ce496749fa9e4c4cae378996db8663a858f64d3a
/Users/zcm361/Documents/Github/OxygenDynamicsV2/reference-validation/surge-full-movie-measurement-20260910/M400-01-baseline-awake/challenge,sink,50,2,187,530,532,530,532,211,20,11,0,9,0,NaN,NaN,insufficient_clean_prebaseline,insufficient_clean_prebaseline,NaN,NaN,NaN,1,0,KnownSignal,3cbc608c1a7a3427b14f3042ce496749fa9e4c4cae378996db8663a858f64d3a
/Users/zcm361/Documents/Github/OxygenDynamicsV2/reference-validation/surge-full-movie-measurement-20260910/M400-01-baseline-awake/challenge,sink,50,3,188,534,547,534,547,768,20,10,0,10,0,NaN,NaN,insufficient_clean_prebaseline,insufficient_clean_prebaseline,NaN,NaN,NaN,1,0,KnownSignal,3cbc608c1a7a3427b14f3042ce496749fa9e4c4cae378996db8663a858f64d3a
/Users/zcm361/Documents/Github/OxygenDynamicsV2/reference-validation/surge-full-movie-measurement-20260910/M400-01-baseline-awake/challenge,sink,50,4,189,549,567,549,567,1045,20,3,0,17,0,NaN,NaN,insufficient_clean_prebaseline,insufficient_clean_prebaseline,NaN,NaN,NaN,1,0,KnownSignal,3cbc608c1a7a3427b14f3042ce496749fa9e4c4cae378996db8663a858f64d3a
/Users/zcm361/Documents/Github/OxygenDynamicsV2/reference-validation/surge-full-movie-measurement-20260910/M400-01-baseline-awake/challenge,surge,1,1,1,3,14,3,14,1624,20,2,1,0,0,NaN,NaN,insufficient_clean_prebaseline,insufficient_clean_prebaseline,NaN,NaN,NaN,1,0,KnownSignal,3cbc608c1a7a3427b14f3042ce496749fa9e4c4cae378996db8663a858f64d3a
/Users/zcm361/Documents/Github/OxygenDynamicsV2/reference-validation/surge-full-movie-measurement-20260910/M400-01-baseline-awake/challenge,surge,2,1,2,7,18,7,18,1550,20,6,1,0,0,NaN,NaN,insufficient_clean_prebaseline,insufficient_clean_prebaseline,NaN,NaN,NaN,1,0,KnownSignal,3cbc608c1a7a3427b14f3042ce496749fa9e4c4cae378996db8663a858f64d3a
/Users/zcm361/Documents/Github/OxygenDynamicsV2/reference-validation/surge-full-movie-measurement-20260910/M400-01-baseline-awake/challenge,surge,3,1,3,55,71,55,71,4667,20,4,0,16,0,NaN,NaN,insufficient_clean_prebaseline,insufficient_clean_prebaseline,NaN,NaN,NaN,1,0,KnownSignal,3cbc608c1a7a3427b14f3042ce496749fa9e4c4cae378996db8663a858f64d3a
/Users/zcm361/Documents/Github/OxygenDynamicsV2/reference-validation/surge-full-movie-measurement-20260910/M400-01-baseline-awake/challenge,surge,4,1,4,58,67,58,67,4790,20,18,0,2,0,NaN,NaN,insufficient_clean_prebaseline,insufficient_clean_prebaseline,NaN,NaN,NaN,1,0,KnownSignal,3cbc608c1a7a3427b14f3042ce496749fa9e4c4cae378996db8663a858f64d3a
/Users/zcm361/Documents/Github/OxygenDynamicsV2/reference-validation/surge-full-movie-measurement-20260910/M400-01-baseline-awake/challenge,surge,5,1,5,59,74,59,74,2025,20,20,0,0,0,52.7568888888889,52.7568888888889,valid,valid,0.0607800795074917,0.0607800795074917,0,1,0,KnownSignal,3cbc608c1a7a3427b14f3042ce496749fa9e4c4cae378996db8663a858f64d3a
/Users/zcm361/Documents/Github/OxygenDynamicsV2/reference-validation/surge-full-movie-measurement-20260910/M400-01-baseline-awake/challenge,surge,6,1,6,60,69,60,69,1756,20,20,0,0,0,66.6686218678816,66.6686218678816,valid,valid,0.0451088706680868,0.0451088706680868,0,1,0,KnownSignal,3cbc608c1a7a3427b14f3042ce496749fa9e4c4cae378996db8663a858f64d3a
/Users/zcm361/Documents/Github/OxygenDynamicsV2/reference-validation/surge-full-movie-measurement-20260910/M400-01-baseline-awake/challenge,surge,7,1,7,65,83,65,83,10544,20,17,0,3,0,NaN,NaN,insufficient_clean_prebaseline,insufficient_clean_prebaseline,NaN,NaN,NaN,1,0,KnownSignal,3cbc608c1a7a3427b14f3042ce496749fa9e4c4cae378996db8663a858f64d3a
/Users/zcm361/Documents/Github/OxygenDynamicsV2/reference-validation/surge-full-movie-measurement-20260910/M400-01-baseline-awake/challenge,surge,7,2,8,210,219,210,219,9412,20,10,0,10,0,NaN,NaN,insufficient_clean_prebaseline,insufficient_clean_prebaseline,NaN,NaN,NaN,1,0,KnownSignal,3cbc608c1a7a3427b14f3042ce496749fa9e4c4cae378996db8663a858f64d3a
/Users/zcm361/Documents/Github/OxygenDynamicsV2/reference-validation/surge-full-movie-measurement-20260910/M400-01-baseline-awake/challenge,surge,8,1,9,66,76,66,76,7054,20,20,0,0,0,76.6855330309045,76.6855330309045,valid,valid,0.0287892505588654,0.0287892505588654,0,1,0,KnownSignal,3cbc608c1a7a3427b14f3042ce496749fa9e4c4cae378996db8663a858f64d3a
/Users/zcm361/Documents/Github/OxygenDynamicsV2/reference-validation/surge-full-movie-measurement-20260910/M400-01-baseline-awake/challenge,surge,9,1,10,72,87,72,87,21460,20,0,0,20,0,NaN,NaN,insufficient_clean_prebaseline,insufficient_clean_prebaseline,NaN,NaN,NaN,1,0,KnownSignal,3cbc608c1a7a3427b14f3042ce496749fa9e4c4cae378996db8663a858f64d3a
/Users/zcm361/Documents/Github/OxygenDynamicsV2/reference-validation/surge-full-movie-measurement-20260910/M400-01-baseline-awake/challenge,surge,10,1,11,104,124,104,124,5404,20,18,0,2,0,NaN,NaN,insufficient_clean_prebaseline,insufficient_clean_prebaseline,NaN,NaN,NaN,1,0,KnownSignal,3cbc608c1a7a3427b14f3042ce496749fa9e4c4cae378996db8663a858f64d3a
/Users/zcm361/Documents/Github/OxygenDynamicsV2/reference-validation/surge-full-movie-measurement-20260910/M400-01-baseline-awake/challenge,surge,11,1,12,106,115,106,115,2661,20,20,0,0,0,92.9681322810973,92.9681322810973,valid,valid,0.0240464177353648,0.0240464177353648,0,1,0,KnownSignal,3cbc608c1a7a3427b14f3042ce496749fa9e4c4cae378996db8663a858f64d3a
/Users/zcm361/Documents/Github/OxygenDynamicsV2/reference-validation/surge-full-movie-measurement-20260910/M400-01-baseline-awake/challenge,surge,12,1,13,106,116,106,116,7790,20,10,0,10,0,NaN,NaN,insufficient_clean_prebaseline,insufficient_clean_prebaseline,NaN,NaN,NaN,1,0,KnownSignal,3cbc608c1a7a3427b14f3042ce496749fa9e4c4cae378996db8663a858f64d3a
/Users/zcm361/Documents/Github/OxygenDynamicsV2/reference-validation/surge-full-movie-measurement-20260910/M400-01-baseline-awake/challenge,surge,12,2,14,132,145,132,145,6736,20,11,0,9,0,NaN,NaN,insufficient_clean_prebaseline,insufficient_clean_prebaseline,NaN,NaN,NaN,1,0,KnownSignal,3cbc608c1a7a3427b14f3042ce496749fa9e4c4cae378996db8663a858f64d3a
/Users/zcm361/Documents/Github/OxygenDynamicsV2/reference-validation/surge-full-movie-measurement-20260910/M400-01-baseline-awake/challenge,surge,13,1,15,133,145,133,145,2067,20,13,0,7,0,NaN,NaN,insufficient_clean_prebaseline,insufficient_clean_prebaseline,NaN,NaN,NaN,1,0,KnownSignal,3cbc608c1a7a3427b14f3042ce496749fa9e4c4cae378996db8663a858f64d3a
/Users/zcm361/Documents/Github/OxygenDynamicsV2/reference-validation/surge-full-movie-measurement-20260910/M400-01-baseline-awake/challenge,surge,14,1,16,144,155,144,155,4203,20,20,0,0,0,106.964001903402,106.964001903402,valid,valid,0.0217036423940494,0.0217036423940494,0,1,0,KnownSignal,3cbc608c1a7a3427b14f3042ce496749fa9e4c4cae378996db8663a858f64d3a
/Users/zcm361/Documents/Github/OxygenDynamicsV2/reference-validation/surge-full-movie-measurement-20260910/M400-01-baseline-awake/challenge,surge,15,1,17,160,169,160,169,2710,20,8,0,12,0,NaN,NaN,insufficient_clean_prebaseline,insufficient_clean_prebaseline,NaN,NaN,NaN,1,0,KnownSignal,3cbc608c1a7a3427b14f3042ce496749fa9e4c4cae378996db8663a858f64d3a
/Users/zcm361/Documents/Github/OxygenDynamicsV2/reference-validation/surge-full-movie-measurement-20260910/M400-01-baseline-awake/challenge,surge,15,2,18,363,385,363,385,2247,20,20,0,0,0,102.392167334223,102.392167334223,valid,valid,0.0504826248113657,0.0504826248113657,0,1,0,KnownSignal,3cbc608c1a7a3427b14f3042ce496749fa9e4c4cae378996db8663a858f64d3a
/Users/zcm361/Documents/Github/OxygenDynamicsV2/reference-validation/surge-full-movie-measurement-20260910/M400-01-baseline-awake/challenge,surge,16,1,19,166,179,166,179,1760,20,20,0,0,0,115.433409090909,115.433409090909,valid,valid,0.0112087449080243,0.0112087449080243,0,1,0,KnownSignal,3cbc608c1a7a3427b14f3042ce496749fa9e4c4cae378996db8663a858f64d3a
/Users/zcm361/Documents/Github/OxygenDynamicsV2/reference-validation/surge-full-movie-measurement-20260910/M400-01-baseline-awake/challenge,surge,17,1,20,170,186,170,186,2986,20,20,0,0,0,110.077294038848,110.077294038848,valid,valid,0.00884478665055435,0.00884478665055435,0,1,0,KnownSignal,3cbc608c1a7a3427b14f3042ce496749fa9e4c4cae378996db8663a858f64d3a
/Users/zcm361/Documents/Github/OxygenDynamicsV2/reference-validation/surge-full-movie-measurement-20260910/M400-01-baseline-awake/challenge,surge,17,2,21,197,206,197,206,3079,20,4,0,16,0,NaN,NaN,insufficient_clean_prebaseline,insufficient_clean_prebaseline,NaN,NaN,NaN,1,0,KnownSignal,3cbc608c1a7a3427b14f3042ce496749fa9e4c4cae378996db8663a858f64d3a
/Users/zcm361/Documents/Github/OxygenDynamicsV2/reference-validation/surge-full-movie-measurement-20260910/M400-01-baseline-awake/challenge,surge,17,3,22,324,334,324,334,3502,20,20,0,0,0,104.611307824101,104.611307824101,valid,valid,0.0372628489570595,0.0372628489570595,0,1,0,KnownSignal,3cbc608c1a7a3427b14f3042ce496749fa9e4c4cae378996db8663a858f64d3a
/Users/zcm361/Documents/Github/OxygenDynamicsV2/reference-validation/surge-full-movie-measurement-20260910/M400-01-baseline-awake/challenge,surge,17,4,23,534,543,534,543,3532,20,3,0,17,0,NaN,NaN,insufficient_clean_prebaseline,insufficient_clean_prebaseline,NaN,NaN,NaN,1,0,KnownSignal,3cbc608c1a7a3427b14f3042ce496749fa9e4c4cae378996db8663a858f64d3a
/Users/zcm361/Documents/Github/OxygenDynamicsV2/reference-validation/surge-full-movie-measurement-20260910/M400-01-baseline-awake/challenge,surge,18,1,24,174,185,174,185,1045,20,20,0,0,0,40.6835406698565,40.6835406698565,valid,valid,0.127479459852332,0.127479459852332,0,1,0,KnownSignal,3cbc608c1a7a3427b14f3042ce496749fa9e4c4cae378996db8663a858f64d3a
/Users/zcm361/Documents/Github/OxygenDynamicsV2/reference-validation/surge-full-movie-measurement-20260910/M400-01-baseline-awake/challenge,surge,18,2,25,446,456,446,456,1189,20,20,0,0,0,41.3582001682086,41.3582001682086,valid,valid,0.10900073004724,0.10900073004724,0,1,0,KnownSignal,3cbc608c1a7a3427b14f3042ce496749fa9e4c4cae378996db8663a858f64d3a
/Users/zcm361/Documents/Github/OxygenDynamicsV2/reference-validation/surge-full-movie-measurement-20260910/M400-01-baseline-awake/challenge,surge,19,1,26,196,205,196,205,2639,20,20,0,0,0,65.8263546798029,65.8263546798029,valid,valid,0.0534623371801349,0.0534623371801349,0,1,0,KnownSignal,3cbc608c1a7a3427b14f3042ce496749fa9e4c4cae378996db8663a858f64d3a
/Users/zcm361/Documents/Github/OxygenDynamicsV2/reference-validation/surge-full-movie-measurement-20260910/M400-01-baseline-awake/challenge,surge,20,1,27,209,219,209,219,4621,20,12,0,8,0,NaN,NaN,insufficient_clean_prebaseline,insufficient_clean_prebaseline,NaN,NaN,NaN,1,0,KnownSignal,3cbc608c1a7a3427b14f3042ce496749fa9e4c4cae378996db8663a858f64d3a
/Users/zcm361/Documents/Github/OxygenDynamicsV2/reference-validation/surge-full-movie-measurement-20260910/M400-01-baseline-awake/challenge,surge,21,1,28,215,226,215,226,2650,20,5,0,15,0,NaN,NaN,insufficient_clean_prebaseline,insufficient_clean_prebaseline,NaN,NaN,NaN,1,0,KnownSignal,3cbc608c1a7a3427b14f3042ce496749fa9e4c4cae378996db8663a858f64d3a
/Users/zcm361/Documents/Github/OxygenDynamicsV2/reference-validation/surge-full-movie-measurement-20260910/M400-01-baseline-awake/challenge,surge,21,2,29,504,526,504,526,2845,20,1,0,19,0,NaN,NaN,insufficient_clean_prebaseline,insufficient_clean_prebaseline,NaN,NaN,NaN,1,0,KnownSignal,3cbc608c1a7a3427b14f3042ce496749fa9e4c4cae378996db8663a858f64d3a
/Users/zcm361/Documents/Github/OxygenDynamicsV2/reference-validation/surge-full-movie-measurement-20260910/M400-01-baseline-awake/challenge,surge,22,1,30,241,254,241,254,2252,20,20,0,0,0,89.2364564831261,89.2364564831261,valid,valid,0.0560333995984284,0.0560333995984284,0,1,0,KnownSignal,3cbc608c1a7a3427b14f3042ce496749fa9e4c4cae378996db8663a858f64d3a
/Users/zcm361/Documents/Github/OxygenDynamicsV2/reference-validation/surge-full-movie-measurement-20260910/M400-01-baseline-awake/challenge,surge,23,1,31,241,252,241,252,3137,20,20,0,0,0,75.2784666879184,75.2784666879184,valid,valid,0.0477430414033879,0.0477430414033879,0,1,0,KnownSignal,3cbc608c1a7a3427b14f3042ce496749fa9e4c4cae378996db8663a858f64d3a
/Users/zcm361/Documents/Github/OxygenDynamicsV2/reference-validation/surge-full-movie-measurement-20260910/M400-01-baseline-awake/challenge,surge,24,1,32,242,253,242,253,3233,20,20,0,0,0,105.067367769873,105.067367769873,valid,valid,0.028930519885022,0.028930519885022,0,1,0,KnownSignal,3cbc608c1a7a3427b14f3042ce496749fa9e4c4cae378996db8663a858f64d3a
/Users/zcm361/Documents/Github/OxygenDynamicsV2/reference-validation/surge-full-movie-measurement-20260910/M400-01-baseline-awake/challenge,surge,25,1,33,243,253,243,253,1852,20,20,0,0,0,69.1578293736501,69.1578293736501,valid,valid,0.101863440357339,0.101863440357339,0,1,0,KnownSignal,3cbc608c1a7a3427b14f3042ce496749fa9e4c4cae378996db8663a858f64d3a
/Users/zcm361/Documents/Github/OxygenDynamicsV2/reference-validation/surge-full-movie-measurement-20260910/M400-01-baseline-awake/challenge,surge,26,1,34,245,254,245,254,2672,20,17,0,3,0,NaN,NaN,insufficient_clean_prebaseline,insufficient_clean_prebaseline,NaN,NaN,NaN,1,0,KnownSignal,3cbc608c1a7a3427b14f3042ce496749fa9e4c4cae378996db8663a858f64d3a
/Users/zcm361/Documents/Github/OxygenDynamicsV2/reference-validation/surge-full-movie-measurement-20260910/M400-01-baseline-awake/challenge,surge,27,1,35,284,294,284,294,4292,20,14,0,6,0,NaN,NaN,insufficient_clean_prebaseline,insufficient_clean_prebaseline,NaN,NaN,NaN,1,0,KnownSignal,3cbc608c1a7a3427b14f3042ce496749fa9e4c4cae378996db8663a858f64d3a
/Users/zcm361/Documents/Github/OxygenDynamicsV2/reference-validation/surge-full-movie-measurement-20260910/M400-01-baseline-awake/challenge,surge,28,1,36,301,310,301,310,1883,20,20,0,0,0,86.3896441848115,86.3896441848115,valid,valid,0.0306648298382569,0.0306648298382569,0,1,0,KnownSignal,3cbc608c1a7a3427b14f3042ce496749fa9e4c4cae378996db8663a858f64d3a
/Users/zcm361/Documents/Github/OxygenDynamicsV2/reference-validation/surge-full-movie-measurement-20260910/M400-01-baseline-awake/challenge,surge,29,1,37,320,332,320,332,1572,20,20,0,0,0,90.9270992366412,90.9270992366412,valid,valid,0.0366775945273948,0.0366775945273948,0,1,0,KnownSignal,3cbc608c1a7a3427b14f3042ce496749fa9e4c4cae378996db8663a858f64d3a
/Users/zcm361/Documents/Github/OxygenDynamicsV2/reference-validation/surge-full-movie-measurement-20260910/M400-01-baseline-awake/challenge,surge,30,1,38,325,338,325,338,2038,20,20,0,0,0,122.419479882237,122.419479882237,valid,valid,0.0406271330938323,0.0406271330938323,0,1,0,KnownSignal,3cbc608c1a7a3427b14f3042ce496749fa9e4c4cae378996db8663a858f64d3a
/Users/zcm361/Documents/Github/OxygenDynamicsV2/reference-validation/surge-full-movie-measurement-20260910/M400-01-baseline-awake/challenge,surge,31,1,39,331,347,331,347,2659,20,20,0,0,0,73.0238811583302,73.0238811583302,valid,valid,0.0580649480739863,0.0580649480739863,0,1,0,KnownSignal,3cbc608c1a7a3427b14f3042ce496749fa9e4c4cae378996db8663a858f64d3a
/Users/zcm361/Documents/Github/OxygenDynamicsV2/reference-validation/surge-full-movie-measurement-20260910/M400-01-baseline-awake/challenge,surge,32,1,40,374,387,374,387,2735,20,20,0,0,0,108.814570383912,108.814570383912,valid,valid,0.0307691816596909,0.0307691816596909,0,1,0,KnownSignal,3cbc608c1a7a3427b14f3042ce496749fa9e4c4cae378996db8663a858f64d3a
/Users/zcm361/Documents/Github/OxygenDynamicsV2/reference-validation/surge-full-movie-measurement-20260910/M400-01-baseline-awake/challenge,surge,33,1,41,382,393,382,393,1786,20,20,0,0,0,109.402883538634,109.402883538634,valid,valid,0.0062717013944422,0.0062717013944422,0,1,0,KnownSignal,3cbc608c1a7a3427b14f3042ce496749fa9e4c4cae378996db8663a858f64d3a
/Users/zcm361/Documents/Github/OxygenDynamicsV2/reference-validation/surge-full-movie-measurement-20260910/M400-01-baseline-awake/challenge,surge,34,1,42,390,400,390,400,2660,20,20,0,0,0,93.6592669172932,93.6592669172932,valid,valid,0.0223990215693465,0.0223990215693465,0,1,0,KnownSignal,3cbc608c1a7a3427b14f3042ce496749fa9e4c4cae378996db8663a858f64d3a
/Users/zcm361/Documents/Github/OxygenDynamicsV2/reference-validation/surge-full-movie-measurement-20260910/M400-01-baseline-awake/challenge,surge,35,1,43,405,433,405,433,6446,20,15,0,5,0,NaN,NaN,insufficient_clean_prebaseline,insufficient_clean_prebaseline,NaN,NaN,NaN,1,0,KnownSignal,3cbc608c1a7a3427b14f3042ce496749fa9e4c4cae378996db8663a858f64d3a
/Users/zcm361/Documents/Github/OxygenDynamicsV2/reference-validation/surge-full-movie-measurement-20260910/M400-01-baseline-awake/challenge,surge,36,1,44,411,422,411,422,12085,20,7,0,13,0,NaN,NaN,insufficient_clean_prebaseline,insufficient_clean_prebaseline,NaN,NaN,NaN,1,0,KnownSignal,3cbc608c1a7a3427b14f3042ce496749fa9e4c4cae378996db8663a858f64d3a
/Users/zcm361/Documents/Github/OxygenDynamicsV2/reference-validation/surge-full-movie-measurement-20260910/M400-01-baseline-awake/challenge,surge,37,1,45,439,449,439,449,4288,20,5,0,15,0,NaN,NaN,insufficient_clean_prebaseline,insufficient_clean_prebaseline,NaN,NaN,NaN,1,0,KnownSignal,3cbc608c1a7a3427b14f3042ce496749fa9e4c4cae378996db8663a858f64d3a
/Users/zcm361/Documents/Github/OxygenDynamicsV2/reference-validation/surge-full-movie-measurement-20260910/M400-01-baseline-awake/challenge,surge,38,1,46,440,453,440,453,4190,20,20,0,0,0,86.0560978520287,86.0560978520287,valid,valid,0.0308450348963409,0.0308450348963409,0,1,0,KnownSignal,3cbc608c1a7a3427b14f3042ce496749fa9e4c4cae378996db8663a858f64d3a
/Users/zcm361/Documents/Github/OxygenDynamicsV2/reference-validation/surge-full-movie-measurement-20260910/M400-01-baseline-awake/challenge,surge,38,2,47,533,544,533,544,4427,20,20,0,0,0,79.3846058278744,79.3846058278744,valid,valid,0.0524601018707123,0.0524601018707123,0,1,0,KnownSignal,3cbc608c1a7a3427b14f3042ce496749fa9e4c4cae378996db8663a858f64d3a
/Users/zcm361/Documents/Github/OxygenDynamicsV2/reference-validation/surge-full-movie-measurement-20260910/M400-01-baseline-awake/challenge,surge,39,1,48,447,456,447,456,976,20,20,0,0,0,87.7660860655738,87.7660860655738,valid,valid,0.0209935360502079,0.0209935360502079,0,1,0,KnownSignal,3cbc608c1a7a3427b14f3042ce496749fa9e4c4cae378996db8663a858f64d3a
/Users/zcm361/Documents/Github/OxygenDynamicsV2/reference-validation/surge-full-movie-measurement-20260910/M400-01-baseline-awake/challenge,surge,40,1,49,468,478,468,478,1622,20,20,0,0,0,81.4150431565968,81.4150431565968,valid,valid,0.0227086854588081,0.0227086854588081,0,1,0,KnownSignal,3cbc608c1a7a3427b14f3042ce496749fa9e4c4cae378996db8663a858f64d3a
/Users/zcm361/Documents/Github/OxygenDynamicsV2/reference-validation/surge-full-movie-measurement-20260910/M400-01-baseline-awake/challenge,surge,41,1,50,559,569,559,569,1598,20,20,0,0,0,102.922465581977,102.922465581977,valid,valid,0.0378299763908454,0.0378299763908454,0,1,0,KnownSignal,3cbc608c1a7a3427b14f3042ce496749fa9e4c4cae378996db8663a858f64d3a
/Users/zcm361/Documents/Github/OxygenDynamicsV2/reference-validation/surge-full-movie-measurement-20260910/M400-01-baseline-awake/challenge,surge,42,1,51,580,600,580,600,2518,20,12,0,8,0,NaN,NaN,insufficient_clean_prebaseline,insufficient_clean_prebaseline,NaN,NaN,NaN,1,0,KnownSignal,3cbc608c1a7a3427b14f3042ce496749fa9e4c4cae378996db8663a858f64d3a
/Users/zcm361/Documents/Github/OxygenDynamicsV2/reference-validation/surge-full-movie-measurement-20260910/M400-01-baseline-awake/challenge,surge,43,1,52,590,600,590,600,1392,20,20,0,0,0,99.829525862069,99.829525862069,valid,valid,0.00670899457192478,0.00670899457192478,0,1,0,KnownSignal,3cbc608c1a7a3427b14f3042ce496749fa9e4c4cae378996db8663a858f64d3a
