Challenge,Frame,Source,Observed,Blocked,TargetEnvelope
clean,1,100,100,0,0
clean,2,100,100,0,0
clean,3,100,100,0,0
clean,4,100,100,0,0
clean,5,100,100,0,0
clean,6,100,100,0,0
clean,7,100,100,0,0
clean,8,100,100,0,0
clean,9,100,100,0,0
clean,10,100,100,0,0
clean,11,100,100,0,0
clean,12,100,100,0,0
clean,13,100,100,0,0
clean,14,100,100,0,0
clean,15,100,100,0,0
clean,16,100,100,0,0
clean,17,100,100,0,0
clean,18,100,100,0,0
clean,19,100,100,0,0
clean,20,100,100,0,0
clean,21,100,100,0,0
clean,22,100,100,0,0
clean,23,100,100,0,0
clean,24,100,100,0,0
clean,25,100,100,0,0
clean,26,100,100,0,0
clean,27,100,100,0,0
clean,28,100,100,0,0
clean,29,100,100,0,0
clean,30,100,100,0,0
clean,31,100,100,0,0
clean,32,100,100,0,0
clean,33,100,100,0,0
clean,34,100,100,0,0
clean,35,100,100,0,0
clean,36,100,100,0,0
clean,37,100,100,0,0
clean,38,100,100,0,0
clean,39,100,100,0,0
clean,40,100,100,0,0
clean,41,100,100,0,0
clean,42,100,100,0,0
clean,43,100,100,0,0
clean,44,100,100,0,0
clean,45,100,100,0,0
clean,46,100,100,0,0
clean,47,100,100,0,0
clean,48,100,100,0,0
clean,49,100,100,0,0
clean,50,100,100,0,0
clean,51,100,100,0,0
clean,52,100,100,0,0
clean,53,100,100,0,0
clean,54,100,100,0,0
clean,55,100,100,0,0
clean,56,100,100,0,0
clean,57,100,100,0,0
clean,58,100,100,0,0
clean,59,100,100,0,0
clean,60,100,100,0,0
clean,61,100,100,0,0
clean,62,100,100,0,0
clean,63,100,100,0,0
clean,64,100,100,0,0
clean,65,100,100,0,0
clean,66,100,100,0,0
clean,67,100,100,0,0
clean,68,100,100,0,0
clean,69,100,100,0,0
clean,70,100,100,0,0
clean,71,100,100,0,0
clean,72,100,100,0,0
clean,73,100,100,0,0
clean,74,100,100,0,0
clean,75,100,101.818181818182,0,0.0909090909090909
clean,76,100,103.636363636364,0,0.181818181818182
clean,77,100,105.454545454545,0,0.272727272727273
clean,78,100,107.272727272727,0,0.363636363636364
clean,79,100,109.090909090909,0,0.454545454545455
clean,80,100,110.909090909091,0,0.545454545454545
clean,81,100,112.727272727273,0,0.636363636363636
clean,82,100,114.545454545455,0,0.727272727272727
clean,83,100,116.363636363636,0,0.818181818181818
clean,84,100,118.181818181818,0,0.909090909090909
clean,85,100,120,0,1
clean,86,100,119.230769230769,0,0.961538461538462
clean,87,100,118.461538461538,0,0.923076923076923
clean,88,100,117.692307692308,0,0.884615384615385
clean,89,100,116.923076923077,0,0.846153846153846
clean,90,100,116.153846153846,0,0.807692307692308
clean,91,100,115.384615384615,0,0.769230769230769
clean,92,100,114.615384615385,0,0.730769230769231
clean,93,100,113.846153846154,0,0.692307692307692
clean,94,100,113.076923076923,0,0.653846153846154
clean,95,100,112.307692307692,0,0.615384615384615
clean,96,100,111.538461538462,0,0.576923076923077
clean,97,100,110.769230769231,0,0.538461538461538
clean,98,100,110,0,0.5
clean,99,100,109.230769230769,0,0.461538461538462
clean,100,100,108.461538461538,0,0.423076923076923
clean,101,100,107.692307692308,0,0.384615384615385
clean,102,100,106.923076923077,0,0.346153846153846
clean,103,100,106.153846153846,0,0.307692307692308
clean,104,100,105.384615384615,0,0.269230769230769
clean,105,100,104.615384615385,0,0.230769230769231
clean,106,100,103.846153846154,0,0.192307692307692
clean,107,100,103.076923076923,0,0.153846153846154
clean,108,100,102.307692307692,0,0.115384615384615
clean,109,100,101.538461538462,0,0.0769230769230769
clean,110,100,100.769230769231,0,0.0384615384615385
clean,111,100,100,0,0
clean,112,100,100,0,0
clean,113,100,100,0,0
clean,114,100,100,0,0
clean,115,100,100,0,0
clean,116,100,100,0,0
clean,117,100,100,0,0
clean,118,100,100,0,0
clean,119,100,100,0,0
clean,120,100,100,0,0
clean,121,100,100,0,0
clean,122,100,100,0,0
clean,123,100,100,0,0
clean,124,100,100,0,0
clean,125,100,100,0,0
clean,126,100,100,0,0
clean,127,100,100,0,0
clean,128,100,100,0,0
clean,129,100,100,0,0
clean,130,100,100,0,0
clean,131,100,100,0,0
clean,132,100,100,0,0
clean,133,100,100,0,0
clean,134,100,100,0,0
clean,135,100,100,0,0
clean,136,100,100,0,0
clean,137,100,100,0,0
clean,138,100,100,0,0
clean,139,100,100,0,0
clean,140,100,100,0,0
clean,141,100,100,0,0
clean,142,100,100,0,0
clean,143,100,100,0,0
clean,144,100,100,0,0
clean,145,100,100,0,0
clean,146,100,100,0,0
clean,147,100,100,0,0
clean,148,100,100,0,0
clean,149,100,100,0,0
clean,150,100,100,0,0
clean,151,100,100,0,0
clean,152,100,100,0,0
clean,153,100,100,0,0
clean,154,100,100,0,0
clean,155,100,100,0,0
clean,156,100,100,0,0
clean,157,100,100,0,0
clean,158,100,100,0,0
clean,159,100,100,0,0
clean,160,100,100,0,0
detected_surge,1,100,100,0,0
detected_surge,2,100,100,0,0
detected_surge,3,100,100,0,0
detected_surge,4,100,100,0,0
detected_surge,5,100,100,0,0
detected_surge,6,100,100,0,0
detected_surge,7,100,100,0,0
detected_surge,8,100,100,0,0
detected_surge,9,100,100,0,0
detected_surge,10,100,100,0,0
detected_surge,11,100,100,0,0
detected_surge,12,100,100,0,0
detected_surge,13,100,100,0,0
detected_surge,14,100,100,0,0
detected_surge,15,100,100,0,0
detected_surge,16,100,100,0,0
detected_surge,17,100,100,0,0
detected_surge,18,100,100,0,0
detected_surge,19,100,100,0,0
detected_surge,20,100,100,0,0
detected_surge,21,100,100,0,0
detected_surge,22,100,100,0,0
detected_surge,23,100,100,0,0
detected_surge,24,100,100,0,0
detected_surge,25,100,100,0,0
detected_surge,26,100,100,0,0
detected_surge,27,100,100,0,0
detected_surge,28,100,100,0,0
detected_surge,29,100,100,0,0
detected_surge,30,100,100,0,0
detected_surge,31,100,100,0,0
detected_surge,32,100,100,0,0
detected_surge,33,100,100,0,0
detected_surge,34,100,100,0,0
detected_surge,35,100,100,0,0
detected_surge,36,100,100,0,0
detected_surge,37,100,100,0,0
detected_surge,38,100,100,0,0
detected_surge,39,100,100,0,0
detected_surge,40,100,100,0,0
detected_surge,41,100,100,0,0
detected_surge,42,100,100,0,0
detected_surge,43,100,100,0,0
detected_surge,44,100,100,0,0
detected_surge,45,100,100,0,0
detected_surge,46,100,100,0,0
detected_surge,47,100,100,0,0
detected_surge,48,100,100,0,0
detected_surge,49,100,100,0,0
detected_surge,50,100,100,0,0
detected_surge,51,100,100,0,0
detected_surge,52,100,100,0,0
detected_surge,53,100,100,0,0
detected_surge,54,100,100,0,0
detected_surge,55,100,100,0,0
detected_surge,56,100,100,0,0
detected_surge,57,100,100,0,0
detected_surge,58,100,100,0,0
detected_surge,59,100,100,0,0
detected_surge,60,100,100,0,0
detected_surge,61,100,100,0,0
detected_surge,62,100,100,0,0
detected_surge,63,100,100,0,0
detected_surge,64,100,100,0,0
detected_surge,65,100,100,0,0
detected_surge,66,100,100,0,0
detected_surge,67,100,100,0,0
detected_surge,68,100,100,0,0
detected_surge,69,100,100,0,0
detected_surge,70,100,100,0,0
detected_surge,71,100,100,0,0
detected_surge,72,100,100,0,0
detected_surge,73,100,100,0,0
detected_surge,74,100,100,0,0
detected_surge,75,100,101.818181818182,0,0.0909090909090909
detected_surge,76,100,103.636363636364,0,0.181818181818182
detected_surge,77,100,105.454545454545,0,0.272727272727273
detected_surge,78,100,107.272727272727,0,0.363636363636364
detected_surge,79,100,109.090909090909,0,0.454545454545455
detected_surge,80,100,110.909090909091,0,0.545454545454545
detected_surge,81,100,112.727272727273,0,0.636363636363636
detected_surge,82,100,114.545454545455,0,0.727272727272727
detected_surge,83,100,116.363636363636,0,0.818181818181818
detected_surge,84,100,118.181818181818,0,0.909090909090909
detected_surge,85,100,120,0,1
detected_surge,86,100,119.230769230769,0,0.961538461538462
detected_surge,87,100,118.461538461538,0,0.923076923076923
detected_surge,88,100,117.692307692308,0,0.884615384615385
detected_surge,89,100,116.923076923077,0,0.846153846153846
detected_surge,90,100,116.153846153846,0,0.807692307692308
detected_surge,91,150,165.384615384615,1,0.769230769230769
detected_surge,92,150,164.615384615385,1,0.730769230769231
detected_surge,93,150,163.846153846154,1,0.692307692307692
detected_surge,94,100,113.076923076923,0,0.653846153846154
detected_surge,95,100,112.307692307692,0,0.615384615384615
detected_surge,96,100,111.538461538462,0,0.576923076923077
detected_surge,97,100,110.769230769231,0,0.538461538461538
detected_surge,98,100,110,0,0.5
detected_surge,99,100,109.230769230769,0,0.461538461538462
detected_surge,100,100,108.461538461538,0,0.423076923076923
detected_surge,101,100,107.692307692308,0,0.384615384615385
detected_surge,102,100,106.923076923077,0,0.346153846153846
detected_surge,103,100,106.153846153846,0,0.307692307692308
detected_surge,104,100,105.384615384615,0,0.269230769230769
detected_surge,105,100,104.615384615385,0,0.230769230769231
detected_surge,106,100,103.846153846154,0,0.192307692307692
detected_surge,107,100,103.076923076923,0,0.153846153846154
detected_surge,108,100,102.307692307692,0,0.115384615384615
detected_surge,109,100,101.538461538462,0,0.0769230769230769
detected_surge,110,100,100.769230769231,0,0.0384615384615385
detected_surge,111,100,100,0,0
detected_surge,112,100,100,0,0
detected_surge,113,100,100,0,0
detected_surge,114,100,100,0,0
detected_surge,115,100,100,0,0
detected_surge,116,100,100,0,0
detected_surge,117,100,100,0,0
detected_surge,118,100,100,0,0
detected_surge,119,100,100,0,0
detected_surge,120,100,100,0,0
detected_surge,121,100,100,0,0
detected_surge,122,100,100,0,0
detected_surge,123,100,100,0,0
detected_surge,124,100,100,0,0
detected_surge,125,100,100,0,0
detected_surge,126,100,100,0,0
detected_surge,127,100,100,0,0
detected_surge,128,100,100,0,0
detected_surge,129,100,100,0,0
detected_surge,130,100,100,0,0
detected_surge,131,100,100,0,0
detected_surge,132,100,100,0,0
detected_surge,133,100,100,0,0
detected_surge,134,100,100,0,0
detected_surge,135,100,100,0,0
detected_surge,136,100,100,0,0
detected_surge,137,100,100,0,0
detected_surge,138,100,100,0,0
detected_surge,139,100,100,0,0
detected_surge,140,100,100,0,0
detected_surge,141,100,100,0,0
detected_surge,142,100,100,0,0
detected_surge,143,100,100,0,0
detected_surge,144,100,100,0,0
detected_surge,145,100,100,0,0
detected_surge,146,100,100,0,0
detected_surge,147,100,100,0,0
detected_surge,148,100,100,0,0
detected_surge,149,100,100,0,0
detected_surge,150,100,100,0,0
detected_surge,151,100,100,0,0
detected_surge,152,100,100,0,0
detected_surge,153,100,100,0,0
detected_surge,154,100,100,0,0
detected_surge,155,100,100,0,0
detected_surge,156,100,100,0,0
detected_surge,157,100,100,0,0
detected_surge,158,100,100,0,0
detected_surge,159,100,100,0,0
detected_surge,160,100,100,0,0
detected_sink,1,100,100,0,0
detected_sink,2,100,100,0,0
detected_sink,3,100,100,0,0
detected_sink,4,100,100,0,0
detected_sink,5,100,100,0,0
detected_sink,6,100,100,0,0
detected_sink,7,100,100,0,0
detected_sink,8,100,100,0,0
detected_sink,9,100,100,0,0
detected_sink,10,100,100,0,0
detected_sink,11,100,100,0,0
detected_sink,12,100,100,0,0
detected_sink,13,100,100,0,0
detected_sink,14,100,100,0,0
detected_sink,15,100,100,0,0
detected_sink,16,100,100,0,0
detected_sink,17,100,100,0,0
detected_sink,18,100,100,0,0
detected_sink,19,100,100,0,0
detected_sink,20,100,100,0,0
detected_sink,21,100,100,0,0
detected_sink,22,100,100,0,0
detected_sink,23,100,100,0,0
detected_sink,24,100,100,0,0
detected_sink,25,100,100,0,0
detected_sink,26,100,100,0,0
detected_sink,27,100,100,0,0
detected_sink,28,100,100,0,0
detected_sink,29,100,100,0,0
detected_sink,30,100,100,0,0
detected_sink,31,100,100,0,0
detected_sink,32,100,100,0,0
detected_sink,33,100,100,0,0
detected_sink,34,100,100,0,0
detected_sink,35,100,100,0,0
detected_sink,36,100,100,0,0
detected_sink,37,100,100,0,0
detected_sink,38,100,100,0,0
detected_sink,39,100,100,0,0
detected_sink,40,100,100,0,0
detected_sink,41,100,100,0,0
detected_sink,42,100,100,0,0
detected_sink,43,100,100,0,0
detected_sink,44,100,100,0,0
detected_sink,45,100,100,0,0
detected_sink,46,100,100,0,0
detected_sink,47,100,100,0,0
detected_sink,48,100,100,0,0
detected_sink,49,100,100,0,0
detected_sink,50,100,100,0,0
detected_sink,51,100,100,0,0
detected_sink,52,100,100,0,0
detected_sink,53,100,100,0,0
detected_sink,54,100,100,0,0
detected_sink,55,100,100,0,0
detected_sink,56,100,100,0,0
detected_sink,57,100,100,0,0
detected_sink,58,100,100,0,0
detected_sink,59,100,100,0,0
detected_sink,60,100,100,0,0
detected_sink,61,100,100,0,0
detected_sink,62,100,100,0,0
detected_sink,63,100,100,0,0
detected_sink,64,100,100,0,0
detected_sink,65,100,100,0,0
detected_sink,66,100,100,0,0
detected_sink,67,100,100,0,0
detected_sink,68,100,100,0,0
detected_sink,69,100,100,0,0
detected_sink,70,100,100,0,0
detected_sink,71,100,100,0,0
detected_sink,72,100,100,0,0
detected_sink,73,100,100,0,0
detected_sink,74,100,100,0,0
detected_sink,75,100,101.818181818182,0,0.0909090909090909
detected_sink,76,100,103.636363636364,0,0.181818181818182
detected_sink,77,100,105.454545454545,0,0.272727272727273
detected_sink,78,100,107.272727272727,0,0.363636363636364
detected_sink,79,100,109.090909090909,0,0.454545454545455
detected_sink,80,100,110.909090909091,0,0.545454545454545
detected_sink,81,100,112.727272727273,0,0.636363636363636
detected_sink,82,100,114.545454545455,0,0.727272727272727
detected_sink,83,100,116.363636363636,0,0.818181818181818
detected_sink,84,100,118.181818181818,0,0.909090909090909
detected_sink,85,100,120,0,1
detected_sink,86,100,119.230769230769,0,0.961538461538462
detected_sink,87,100,118.461538461538,0,0.923076923076923
detected_sink,88,100,117.692307692308,0,0.884615384615385
detected_sink,89,100,116.923076923077,0,0.846153846153846
detected_sink,90,100,116.153846153846,0,0.807692307692308
detected_sink,91,70,85.3846153846154,1,0.769230769230769
detected_sink,92,70,84.6153846153846,1,0.730769230769231
detected_sink,93,70,83.8461538461538,1,0.692307692307692
detected_sink,94,100,113.076923076923,0,0.653846153846154
detected_sink,95,100,112.307692307692,0,0.615384615384615
detected_sink,96,100,111.538461538462,0,0.576923076923077
detected_sink,97,100,110.769230769231,0,0.538461538461538
detected_sink,98,100,110,0,0.5
detected_sink,99,100,109.230769230769,0,0.461538461538462
detected_sink,100,100,108.461538461538,0,0.423076923076923
detected_sink,101,100,107.692307692308,0,0.384615384615385
detected_sink,102,100,106.923076923077,0,0.346153846153846
detected_sink,103,100,106.153846153846,0,0.307692307692308
detected_sink,104,100,105.384615384615,0,0.269230769230769
detected_sink,105,100,104.615384615385,0,0.230769230769231
detected_sink,106,100,103.846153846154,0,0.192307692307692
detected_sink,107,100,103.076923076923,0,0.153846153846154
detected_sink,108,100,102.307692307692,0,0.115384615384615
detected_sink,109,100,101.538461538462,0,0.0769230769230769
detected_sink,110,100,100.769230769231,0,0.0384615384615385
detected_sink,111,100,100,0,0
detected_sink,112,100,100,0,0
detected_sink,113,100,100,0,0
detected_sink,114,100,100,0,0
detected_sink,115,100,100,0,0
detected_sink,116,100,100,0,0
detected_sink,117,100,100,0,0
detected_sink,118,100,100,0,0
detected_sink,119,100,100,0,0
detected_sink,120,100,100,0,0
detected_sink,121,100,100,0,0
detected_sink,122,100,100,0,0
detected_sink,123,100,100,0,0
detected_sink,124,100,100,0,0
detected_sink,125,100,100,0,0
detected_sink,126,100,100,0,0
detected_sink,127,100,100,0,0
detected_sink,128,100,100,0,0
detected_sink,129,100,100,0,0
detected_sink,130,100,100,0,0
detected_sink,131,100,100,0,0
detected_sink,132,100,100,0,0
detected_sink,133,100,100,0,0
detected_sink,134,100,100,0,0
detected_sink,135,100,100,0,0
detected_sink,136,100,100,0,0
detected_sink,137,100,100,0,0
detected_sink,138,100,100,0,0
detected_sink,139,100,100,0,0
detected_sink,140,100,100,0,0
detected_sink,141,100,100,0,0
detected_sink,142,100,100,0,0
detected_sink,143,100,100,0,0
detected_sink,144,100,100,0,0
detected_sink,145,100,100,0,0
detected_sink,146,100,100,0,0
detected_sink,147,100,100,0,0
detected_sink,148,100,100,0,0
detected_sink,149,100,100,0,0
detected_sink,150,100,100,0,0
detected_sink,151,100,100,0,0
detected_sink,152,100,100,0,0
detected_sink,153,100,100,0,0
detected_sink,154,100,100,0,0
detected_sink,155,100,100,0,0
detected_sink,156,100,100,0,0
detected_sink,157,100,100,0,0
detected_sink,158,100,100,0,0
detected_sink,159,100,100,0,0
detected_sink,160,100,100,0,0
undetected_surge,1,100,100,0,0
undetected_surge,2,100,100,0,0
undetected_surge,3,100,100,0,0
undetected_surge,4,100,100,0,0
undetected_surge,5,100,100,0,0
undetected_surge,6,100,100,0,0
undetected_surge,7,100,100,0,0
undetected_surge,8,100,100,0,0
undetected_surge,9,100,100,0,0
undetected_surge,10,100,100,0,0
undetected_surge,11,100,100,0,0
undetected_surge,12,100,100,0,0
undetected_surge,13,100,100,0,0
undetected_surge,14,100,100,0,0
undetected_surge,15,100,100,0,0
undetected_surge,16,100,100,0,0
undetected_surge,17,100,100,0,0
undetected_surge,18,100,100,0,0
undetected_surge,19,100,100,0,0
undetected_surge,20,100,100,0,0
undetected_surge,21,100,100,0,0
undetected_surge,22,100,100,0,0
undetected_surge,23,100,100,0,0
undetected_surge,24,100,100,0,0
undetected_surge,25,100,100,0,0
undetected_surge,26,100,100,0,0
undetected_surge,27,100,100,0,0
undetected_surge,28,100,100,0,0
undetected_surge,29,100,100,0,0
undetected_surge,30,100,100,0,0
undetected_surge,31,100,100,0,0
undetected_surge,32,100,100,0,0
undetected_surge,33,100,100,0,0
undetected_surge,34,100,100,0,0
undetected_surge,35,100,100,0,0
undetected_surge,36,100,100,0,0
undetected_surge,37,100,100,0,0
undetected_surge,38,100,100,0,0
undetected_surge,39,100,100,0,0
undetected_surge,40,100,100,0,0
undetected_surge,41,100,100,0,0
undetected_surge,42,100,100,0,0
undetected_surge,43,100,100,0,0
undetected_surge,44,100,100,0,0
undetected_surge,45,100,100,0,0
undetected_surge,46,100,100,0,0
undetected_surge,47,100,100,0,0
undetected_surge,48,100,100,0,0
undetected_surge,49,100,100,0,0
undetected_surge,50,100,100,0,0
undetected_surge,51,100,100,0,0
undetected_surge,52,100,100,0,0
undetected_surge,53,100,100,0,0
undetected_surge,54,100,100,0,0
undetected_surge,55,100,100,0,0
undetected_surge,56,100,100,0,0
undetected_surge,57,100,100,0,0
undetected_surge,58,100,100,0,0
undetected_surge,59,100,100,0,0
undetected_surge,60,100,100,0,0
undetected_surge,61,100,100,0,0
undetected_surge,62,100,100,0,0
undetected_surge,63,100,100,0,0
undetected_surge,64,100,100,0,0
undetected_surge,65,100,100,0,0
undetected_surge,66,100,100,0,0
undetected_surge,67,100,100,0,0
undetected_surge,68,100,100,0,0
undetected_surge,69,100,100,0,0
undetected_surge,70,100,100,0,0
undetected_surge,71,100,100,0,0
undetected_surge,72,100,100,0,0
undetected_surge,73,100,100,0,0
undetected_surge,74,100,100,0,0
undetected_surge,75,100,101.818181818182,0,0.0909090909090909
undetected_surge,76,100,103.636363636364,0,0.181818181818182
undetected_surge,77,100,105.454545454545,0,0.272727272727273
undetected_surge,78,100,107.272727272727,0,0.363636363636364
undetected_surge,79,100,109.090909090909,0,0.454545454545455
undetected_surge,80,100,110.909090909091,0,0.545454545454545
undetected_surge,81,100,112.727272727273,0,0.636363636363636
undetected_surge,82,100,114.545454545455,0,0.727272727272727
undetected_surge,83,100,116.363636363636,0,0.818181818181818
undetected_surge,84,100,118.181818181818,0,0.909090909090909
undetected_surge,85,100,120,0,1
undetected_surge,86,100,119.230769230769,0,0.961538461538462
undetected_surge,87,100,118.461538461538,0,0.923076923076923
undetected_surge,88,100,117.692307692308,0,0.884615384615385
undetected_surge,89,100,116.923076923077,0,0.846153846153846
undetected_surge,90,100,116.153846153846,0,0.807692307692308
undetected_surge,91,150,165.384615384615,0,0.769230769230769
undetected_surge,92,150,164.615384615385,0,0.730769230769231
undetected_surge,93,150,163.846153846154,0,0.692307692307692
undetected_surge,94,100,113.076923076923,0,0.653846153846154
undetected_surge,95,100,112.307692307692,0,0.615384615384615
undetected_surge,96,100,111.538461538462,0,0.576923076923077
undetected_surge,97,100,110.769230769231,0,0.538461538461538
undetected_surge,98,100,110,0,0.5
undetected_surge,99,100,109.230769230769,0,0.461538461538462
undetected_surge,100,100,108.461538461538,0,0.423076923076923
undetected_surge,101,100,107.692307692308,0,0.384615384615385
undetected_surge,102,100,106.923076923077,0,0.346153846153846
undetected_surge,103,100,106.153846153846,0,0.307692307692308
undetected_surge,104,100,105.384615384615,0,0.269230769230769
undetected_surge,105,100,104.615384615385,0,0.230769230769231
undetected_surge,106,100,103.846153846154,0,0.192307692307692
undetected_surge,107,100,103.076923076923,0,0.153846153846154
undetected_surge,108,100,102.307692307692,0,0.115384615384615
undetected_surge,109,100,101.538461538462,0,0.0769230769230769
undetected_surge,110,100,100.769230769231,0,0.0384615384615385
undetected_surge,111,100,100,0,0
undetected_surge,112,100,100,0,0
undetected_surge,113,100,100,0,0
undetected_surge,114,100,100,0,0
undetected_surge,115,100,100,0,0
undetected_surge,116,100,100,0,0
undetected_surge,117,100,100,0,0
undetected_surge,118,100,100,0,0
undetected_surge,119,100,100,0,0
undetected_surge,120,100,100,0,0
undetected_surge,121,100,100,0,0
undetected_surge,122,100,100,0,0
undetected_surge,123,100,100,0,0
undetected_surge,124,100,100,0,0
undetected_surge,125,100,100,0,0
undetected_surge,126,100,100,0,0
undetected_surge,127,100,100,0,0
undetected_surge,128,100,100,0,0
undetected_surge,129,100,100,0,0
undetected_surge,130,100,100,0,0
undetected_surge,131,100,100,0,0
undetected_surge,132,100,100,0,0
undetected_surge,133,100,100,0,0
undetected_surge,134,100,100,0,0
undetected_surge,135,100,100,0,0
undetected_surge,136,100,100,0,0
undetected_surge,137,100,100,0,0
undetected_surge,138,100,100,0,0
undetected_surge,139,100,100,0,0
undetected_surge,140,100,100,0,0
undetected_surge,141,100,100,0,0
undetected_surge,142,100,100,0,0
undetected_surge,143,100,100,0,0
undetected_surge,144,100,100,0,0
undetected_surge,145,100,100,0,0
undetected_surge,146,100,100,0,0
undetected_surge,147,100,100,0,0
undetected_surge,148,100,100,0,0
undetected_surge,149,100,100,0,0
undetected_surge,150,100,100,0,0
undetected_surge,151,100,100,0,0
undetected_surge,152,100,100,0,0
undetected_surge,153,100,100,0,0
undetected_surge,154,100,100,0,0
undetected_surge,155,100,100,0,0
undetected_surge,156,100,100,0,0
undetected_surge,157,100,100,0,0
undetected_surge,158,100,100,0,0
undetected_surge,159,100,100,0,0
undetected_surge,160,100,100,0,0
undetected_sink,1,100,100,0,0
undetected_sink,2,100,100,0,0
undetected_sink,3,100,100,0,0
undetected_sink,4,100,100,0,0
undetected_sink,5,100,100,0,0
undetected_sink,6,100,100,0,0
undetected_sink,7,100,100,0,0
undetected_sink,8,100,100,0,0
undetected_sink,9,100,100,0,0
undetected_sink,10,100,100,0,0
undetected_sink,11,100,100,0,0
undetected_sink,12,100,100,0,0
undetected_sink,13,100,100,0,0
undetected_sink,14,100,100,0,0
undetected_sink,15,100,100,0,0
undetected_sink,16,100,100,0,0
undetected_sink,17,100,100,0,0
undetected_sink,18,100,100,0,0
undetected_sink,19,100,100,0,0
undetected_sink,20,100,100,0,0
undetected_sink,21,100,100,0,0
undetected_sink,22,100,100,0,0
undetected_sink,23,100,100,0,0
undetected_sink,24,100,100,0,0
undetected_sink,25,100,100,0,0
undetected_sink,26,100,100,0,0
undetected_sink,27,100,100,0,0
undetected_sink,28,100,100,0,0
undetected_sink,29,100,100,0,0
undetected_sink,30,100,100,0,0
undetected_sink,31,100,100,0,0
undetected_sink,32,100,100,0,0
undetected_sink,33,100,100,0,0
undetected_sink,34,100,100,0,0
undetected_sink,35,100,100,0,0
undetected_sink,36,100,100,0,0
undetected_sink,37,100,100,0,0
undetected_sink,38,100,100,0,0
undetected_sink,39,100,100,0,0
undetected_sink,40,100,100,0,0
undetected_sink,41,100,100,0,0
undetected_sink,42,100,100,0,0
undetected_sink,43,100,100,0,0
undetected_sink,44,100,100,0,0
undetected_sink,45,100,100,0,0
undetected_sink,46,100,100,0,0
undetected_sink,47,100,100,0,0
undetected_sink,48,100,100,0,0
undetected_sink,49,100,100,0,0
undetected_sink,50,100,100,0,0
undetected_sink,51,100,100,0,0
undetected_sink,52,100,100,0,0
undetected_sink,53,100,100,0,0
undetected_sink,54,100,100,0,0
undetected_sink,55,100,100,0,0
undetected_sink,56,100,100,0,0
undetected_sink,57,100,100,0,0
undetected_sink,58,100,100,0,0
undetected_sink,59,100,100,0,0
undetected_sink,60,100,100,0,0
undetected_sink,61,100,100,0,0
undetected_sink,62,100,100,0,0
undetected_sink,63,100,100,0,0
undetected_sink,64,100,100,0,0
undetected_sink,65,100,100,0,0
undetected_sink,66,100,100,0,0
undetected_sink,67,100,100,0,0
undetected_sink,68,100,100,0,0
undetected_sink,69,100,100,0,0
undetected_sink,70,100,100,0,0
undetected_sink,71,100,100,0,0
undetected_sink,72,100,100,0,0
undetected_sink,73,100,100,0,0
undetected_sink,74,100,100,0,0
undetected_sink,75,100,101.818181818182,0,0.0909090909090909
undetected_sink,76,100,103.636363636364,0,0.181818181818182
undetected_sink,77,100,105.454545454545,0,0.272727272727273
undetected_sink,78,100,107.272727272727,0,0.363636363636364
undetected_sink,79,100,109.090909090909,0,0.454545454545455
undetected_sink,80,100,110.909090909091,0,0.545454545454545
undetected_sink,81,100,112.727272727273,0,0.636363636363636
undetected_sink,82,100,114.545454545455,0,0.727272727272727
undetected_sink,83,100,116.363636363636,0,0.818181818181818
undetected_sink,84,100,118.181818181818,0,0.909090909090909
undetected_sink,85,100,120,0,1
undetected_sink,86,100,119.230769230769,0,0.961538461538462
undetected_sink,87,100,118.461538461538,0,0.923076923076923
undetected_sink,88,100,117.692307692308,0,0.884615384615385
undetected_sink,89,100,116.923076923077,0,0.846153846153846
undetected_sink,90,100,116.153846153846,0,0.807692307692308
undetected_sink,91,70,85.3846153846154,0,0.769230769230769
undetected_sink,92,70,84.6153846153846,0,0.730769230769231
undetected_sink,93,70,83.8461538461538,0,0.692307692307692
undetected_sink,94,100,113.076923076923,0,0.653846153846154
undetected_sink,95,100,112.307692307692,0,0.615384615384615
undetected_sink,96,100,111.538461538462,0,0.576923076923077
undetected_sink,97,100,110.769230769231,0,0.538461538461538
undetected_sink,98,100,110,0,0.5
undetected_sink,99,100,109.230769230769,0,0.461538461538462
undetected_sink,100,100,108.461538461538,0,0.423076923076923
undetected_sink,101,100,107.692307692308,0,0.384615384615385
undetected_sink,102,100,106.923076923077,0,0.346153846153846
undetected_sink,103,100,106.153846153846,0,0.307692307692308
undetected_sink,104,100,105.384615384615,0,0.269230769230769
undetected_sink,105,100,104.615384615385,0,0.230769230769231
undetected_sink,106,100,103.846153846154,0,0.192307692307692
undetected_sink,107,100,103.076923076923,0,0.153846153846154
undetected_sink,108,100,102.307692307692,0,0.115384615384615
undetected_sink,109,100,101.538461538462,0,0.0769230769230769
undetected_sink,110,100,100.769230769231,0,0.0384615384615385
undetected_sink,111,100,100,0,0
undetected_sink,112,100,100,0,0
undetected_sink,113,100,100,0,0
undetected_sink,114,100,100,0,0
undetected_sink,115,100,100,0,0
undetected_sink,116,100,100,0,0
undetected_sink,117,100,100,0,0
undetected_sink,118,100,100,0,0
undetected_sink,119,100,100,0,0
undetected_sink,120,100,100,0,0
undetected_sink,121,100,100,0,0
undetected_sink,122,100,100,0,0
undetected_sink,123,100,100,0,0
undetected_sink,124,100,100,0,0
undetected_sink,125,100,100,0,0
undetected_sink,126,100,100,0,0
undetected_sink,127,100,100,0,0
undetected_sink,128,100,100,0,0
undetected_sink,129,100,100,0,0
undetected_sink,130,100,100,0,0
undetected_sink,131,100,100,0,0
undetected_sink,132,100,100,0,0
undetected_sink,133,100,100,0,0
undetected_sink,134,100,100,0,0
undetected_sink,135,100,100,0,0
undetected_sink,136,100,100,0,0
undetected_sink,137,100,100,0,0
undetected_sink,138,100,100,0,0
undetected_sink,139,100,100,0,0
undetected_sink,140,100,100,0,0
undetected_sink,141,100,100,0,0
undetected_sink,142,100,100,0,0
undetected_sink,143,100,100,0,0
undetected_sink,144,100,100,0,0
undetected_sink,145,100,100,0,0
undetected_sink,146,100,100,0,0
undetected_sink,147,100,100,0,0
undetected_sink,148,100,100,0,0
undetected_sink,149,100,100,0,0
undetected_sink,150,100,100,0,0
undetected_sink,151,100,100,0,0
undetected_sink,152,100,100,0,0
undetected_sink,153,100,100,0,0
undetected_sink,154,100,100,0,0
undetected_sink,155,100,100,0,0
undetected_sink,156,100,100,0,0
undetected_sink,157,100,100,0,0
undetected_sink,158,100,100,0,0
undetected_sink,159,100,100,0,0
undetected_sink,160,100,100,0,0
reference_neighbor,1,100,100,0,0
reference_neighbor,2,100,100,0,0
reference_neighbor,3,100,100,0,0
reference_neighbor,4,100,100,0,0
reference_neighbor,5,100,100,0,0
reference_neighbor,6,100,100,0,0
reference_neighbor,7,100,100,0,0
reference_neighbor,8,100,100,0,0
reference_neighbor,9,100,100,0,0
reference_neighbor,10,100,100,0,0
reference_neighbor,11,100,100,0,0
reference_neighbor,12,100,100,0,0
reference_neighbor,13,100,100,0,0
reference_neighbor,14,100,100,0,0
reference_neighbor,15,100,100,0,0
reference_neighbor,16,100,100,0,0
reference_neighbor,17,100,100,0,0
reference_neighbor,18,100,100,0,0
reference_neighbor,19,100,100,0,0
reference_neighbor,20,100,100,0,0
reference_neighbor,21,100,100,0,0
reference_neighbor,22,100,100,0,0
reference_neighbor,23,100,100,0,0
reference_neighbor,24,100,100,0,0
reference_neighbor,25,100,100,0,0
reference_neighbor,26,100,100,0,0
reference_neighbor,27,100,100,0,0
reference_neighbor,28,100,100,0,0
reference_neighbor,29,100,100,0,0
reference_neighbor,30,100,100,0,0
reference_neighbor,31,100,100,0,0
reference_neighbor,32,100,100,0,0
reference_neighbor,33,100,100,0,0
reference_neighbor,34,100,100,0,0
reference_neighbor,35,100,100,0,0
reference_neighbor,36,100,100,0,0
reference_neighbor,37,100,100,0,0
reference_neighbor,38,100,100,0,0
reference_neighbor,39,100,100,0,0
reference_neighbor,40,100,100,0,0
reference_neighbor,41,100,100,0,0
reference_neighbor,42,100,100,0,0
reference_neighbor,43,100,100,0,0
reference_neighbor,44,100,100,0,0
reference_neighbor,45,100,100,0,0
reference_neighbor,46,100,100,0,0
reference_neighbor,47,100,100,0,0
reference_neighbor,48,100,100,0,0
reference_neighbor,49,100,100,0,0
reference_neighbor,50,100,100,0,0
reference_neighbor,51,100,100,0,0
reference_neighbor,52,100,100,0,0
reference_neighbor,53,100,100,0,0
reference_neighbor,54,100,100,0,0
reference_neighbor,55,100,100,0,0
reference_neighbor,56,100,100,0,0
reference_neighbor,57,100,100,0,0
reference_neighbor,58,100,100,0,0
reference_neighbor,59,100,100,0,0
reference_neighbor,60,100,100,0,0
reference_neighbor,61,100,100,0,0
reference_neighbor,62,100,100,0,0
reference_neighbor,63,100,100,0,0
reference_neighbor,64,100,100,0,0
reference_neighbor,65,150,150,1,0
reference_neighbor,66,150,150,1,0
reference_neighbor,67,150,150,1,0
reference_neighbor,68,100,100,0,0
reference_neighbor,69,100,100,0,0
reference_neighbor,70,100,100,0,0
reference_neighbor,71,100,100,0,0
reference_neighbor,72,100,100,0,0
reference_neighbor,73,100,100,0,0
reference_neighbor,74,100,100,0,0
reference_neighbor,75,100,101.818181818182,0,0.0909090909090909
reference_neighbor,76,100,103.636363636364,0,0.181818181818182
reference_neighbor,77,100,105.454545454545,0,0.272727272727273
reference_neighbor,78,100,107.272727272727,0,0.363636363636364
reference_neighbor,79,100,109.090909090909,0,0.454545454545455
reference_neighbor,80,100,110.909090909091,0,0.545454545454545
reference_neighbor,81,100,112.727272727273,0,0.636363636363636
reference_neighbor,82,100,114.545454545455,0,0.727272727272727
reference_neighbor,83,100,116.363636363636,0,0.818181818181818
reference_neighbor,84,100,118.181818181818,0,0.909090909090909
reference_neighbor,85,100,120,0,1
reference_neighbor,86,100,119.230769230769,0,0.961538461538462
reference_neighbor,87,100,118.461538461538,0,0.923076923076923
reference_neighbor,88,100,117.692307692308,0,0.884615384615385
reference_neighbor,89,100,116.923076923077,0,0.846153846153846
reference_neighbor,90,100,116.153846153846,0,0.807692307692308
reference_neighbor,91,100,115.384615384615,0,0.769230769230769
reference_neighbor,92,100,114.615384615385,0,0.730769230769231
reference_neighbor,93,100,113.846153846154,0,0.692307692307692
reference_neighbor,94,100,113.076923076923,0,0.653846153846154
reference_neighbor,95,100,112.307692307692,0,0.615384615384615
reference_neighbor,96,100,111.538461538462,0,0.576923076923077
reference_neighbor,97,100,110.769230769231,0,0.538461538461538
reference_neighbor,98,100,110,0,0.5
reference_neighbor,99,100,109.230769230769,0,0.461538461538462
reference_neighbor,100,100,108.461538461538,0,0.423076923076923
reference_neighbor,101,100,107.692307692308,0,0.384615384615385
reference_neighbor,102,100,106.923076923077,0,0.346153846153846
reference_neighbor,103,100,106.153846153846,0,0.307692307692308
reference_neighbor,104,100,105.384615384615,0,0.269230769230769
reference_neighbor,105,100,104.615384615385,0,0.230769230769231
reference_neighbor,106,100,103.846153846154,0,0.192307692307692
reference_neighbor,107,100,103.076923076923,0,0.153846153846154
reference_neighbor,108,100,102.307692307692,0,0.115384615384615
reference_neighbor,109,100,101.538461538462,0,0.0769230769230769
reference_neighbor,110,100,100.769230769231,0,0.0384615384615385
reference_neighbor,111,100,100,0,0
reference_neighbor,112,100,100,0,0
reference_neighbor,113,100,100,0,0
reference_neighbor,114,100,100,0,0
reference_neighbor,115,100,100,0,0
reference_neighbor,116,100,100,0,0
reference_neighbor,117,100,100,0,0
reference_neighbor,118,100,100,0,0
reference_neighbor,119,100,100,0,0
reference_neighbor,120,100,100,0,0
reference_neighbor,121,100,100,0,0
reference_neighbor,122,100,100,0,0
reference_neighbor,123,100,100,0,0
reference_neighbor,124,100,100,0,0
reference_neighbor,125,100,100,0,0
reference_neighbor,126,100,100,0,0
reference_neighbor,127,100,100,0,0
reference_neighbor,128,100,100,0,0
reference_neighbor,129,100,100,0,0
reference_neighbor,130,100,100,0,0
reference_neighbor,131,100,100,0,0
reference_neighbor,132,100,100,0,0
reference_neighbor,133,100,100,0,0
reference_neighbor,134,100,100,0,0
reference_neighbor,135,100,100,0,0
reference_neighbor,136,100,100,0,0
reference_neighbor,137,100,100,0,0
reference_neighbor,138,100,100,0,0
reference_neighbor,139,100,100,0,0
reference_neighbor,140,100,100,0,0
reference_neighbor,141,100,100,0,0
reference_neighbor,142,100,100,0,0
reference_neighbor,143,100,100,0,0
reference_neighbor,144,100,100,0,0
reference_neighbor,145,100,100,0,0
reference_neighbor,146,100,100,0,0
reference_neighbor,147,100,100,0,0
reference_neighbor,148,100,100,0,0
reference_neighbor,149,100,100,0,0
reference_neighbor,150,100,100,0,0
reference_neighbor,151,100,100,0,0
reference_neighbor,152,100,100,0,0
reference_neighbor,153,100,100,0,0
reference_neighbor,154,100,100,0,0
reference_neighbor,155,100,100,0,0
reference_neighbor,156,100,100,0,0
reference_neighbor,157,100,100,0,0
reference_neighbor,158,100,100,0,0
reference_neighbor,159,100,100,0,0
reference_neighbor,160,100,100,0,0
before_reference_neighbor,1,100,100,0,0
before_reference_neighbor,2,100,100,0,0
before_reference_neighbor,3,100,100,0,0
before_reference_neighbor,4,100,100,0,0
before_reference_neighbor,5,100,100,0,0
before_reference_neighbor,6,100,100,0,0
before_reference_neighbor,7,100,100,0,0
before_reference_neighbor,8,100,100,0,0
before_reference_neighbor,9,100,100,0,0
before_reference_neighbor,10,100,100,0,0
before_reference_neighbor,11,100,100,0,0
before_reference_neighbor,12,100,100,0,0
before_reference_neighbor,13,100,100,0,0
before_reference_neighbor,14,100,100,0,0
before_reference_neighbor,15,100,100,0,0
before_reference_neighbor,16,100,100,0,0
before_reference_neighbor,17,100,100,0,0
before_reference_neighbor,18,100,100,0,0
before_reference_neighbor,19,100,100,0,0
before_reference_neighbor,20,100,100,0,0
before_reference_neighbor,21,100,100,0,0
before_reference_neighbor,22,100,100,0,0
before_reference_neighbor,23,100,100,0,0
before_reference_neighbor,24,100,100,0,0
before_reference_neighbor,25,100,100,0,0
before_reference_neighbor,26,100,100,0,0
before_reference_neighbor,27,100,100,0,0
before_reference_neighbor,28,100,100,0,0
before_reference_neighbor,29,100,100,0,0
before_reference_neighbor,30,100,100,0,0
before_reference_neighbor,31,100,100,0,0
before_reference_neighbor,32,100,100,0,0
before_reference_neighbor,33,100,100,0,0
before_reference_neighbor,34,100,100,0,0
before_reference_neighbor,35,100,100,0,0
before_reference_neighbor,36,100,100,0,0
before_reference_neighbor,37,100,100,0,0
before_reference_neighbor,38,100,100,0,0
before_reference_neighbor,39,100,100,0,0
before_reference_neighbor,40,100,100,0,0
before_reference_neighbor,41,100,100,0,0
before_reference_neighbor,42,100,100,0,0
before_reference_neighbor,43,100,100,0,0
before_reference_neighbor,44,100,100,0,0
before_reference_neighbor,45,150,150,1,0
before_reference_neighbor,46,150,150,1,0
before_reference_neighbor,47,150,150,1,0
before_reference_neighbor,48,100,100,0,0
before_reference_neighbor,49,100,100,0,0
before_reference_neighbor,50,100,100,0,0
before_reference_neighbor,51,100,100,0,0
before_reference_neighbor,52,100,100,0,0
before_reference_neighbor,53,100,100,0,0
before_reference_neighbor,54,100,100,0,0
before_reference_neighbor,55,100,100,0,0
before_reference_neighbor,56,100,100,0,0
before_reference_neighbor,57,100,100,0,0
before_reference_neighbor,58,100,100,0,0
before_reference_neighbor,59,100,100,0,0
before_reference_neighbor,60,100,100,0,0
before_reference_neighbor,61,100,100,0,0
before_reference_neighbor,62,100,100,0,0
before_reference_neighbor,63,100,100,0,0
before_reference_neighbor,64,100,100,0,0
before_reference_neighbor,65,100,100,0,0
before_reference_neighbor,66,100,100,0,0
before_reference_neighbor,67,100,100,0,0
before_reference_neighbor,68,100,100,0,0
before_reference_neighbor,69,100,100,0,0
before_reference_neighbor,70,100,100,0,0
before_reference_neighbor,71,100,100,0,0
before_reference_neighbor,72,100,100,0,0
before_reference_neighbor,73,100,100,0,0
before_reference_neighbor,74,100,100,0,0
before_reference_neighbor,75,100,101.818181818182,0,0.0909090909090909
before_reference_neighbor,76,100,103.636363636364,0,0.181818181818182
before_reference_neighbor,77,100,105.454545454545,0,0.272727272727273
before_reference_neighbor,78,100,107.272727272727,0,0.363636363636364
before_reference_neighbor,79,100,109.090909090909,0,0.454545454545455
before_reference_neighbor,80,100,110.909090909091,0,0.545454545454545
before_reference_neighbor,81,100,112.727272727273,0,0.636363636363636
before_reference_neighbor,82,100,114.545454545455,0,0.727272727272727
before_reference_neighbor,83,100,116.363636363636,0,0.818181818181818
before_reference_neighbor,84,100,118.181818181818,0,0.909090909090909
before_reference_neighbor,85,100,120,0,1
before_reference_neighbor,86,100,119.230769230769,0,0.961538461538462
before_reference_neighbor,87,100,118.461538461538,0,0.923076923076923
before_reference_neighbor,88,100,117.692307692308,0,0.884615384615385
before_reference_neighbor,89,100,116.923076923077,0,0.846153846153846
before_reference_neighbor,90,100,116.153846153846,0,0.807692307692308
before_reference_neighbor,91,100,115.384615384615,0,0.769230769230769
before_reference_neighbor,92,100,114.615384615385,0,0.730769230769231
before_reference_neighbor,93,100,113.846153846154,0,0.692307692307692
before_reference_neighbor,94,100,113.076923076923,0,0.653846153846154
before_reference_neighbor,95,100,112.307692307692,0,0.615384615384615
before_reference_neighbor,96,100,111.538461538462,0,0.576923076923077
before_reference_neighbor,97,100,110.769230769231,0,0.538461538461538
before_reference_neighbor,98,100,110,0,0.5
before_reference_neighbor,99,100,109.230769230769,0,0.461538461538462
before_reference_neighbor,100,100,108.461538461538,0,0.423076923076923
before_reference_neighbor,101,100,107.692307692308,0,0.384615384615385
before_reference_neighbor,102,100,106.923076923077,0,0.346153846153846
before_reference_neighbor,103,100,106.153846153846,0,0.307692307692308
before_reference_neighbor,104,100,105.384615384615,0,0.269230769230769
before_reference_neighbor,105,100,104.615384615385,0,0.230769230769231
before_reference_neighbor,106,100,103.846153846154,0,0.192307692307692
before_reference_neighbor,107,100,103.076923076923,0,0.153846153846154
before_reference_neighbor,108,100,102.307692307692,0,0.115384615384615
before_reference_neighbor,109,100,101.538461538462,0,0.0769230769230769
before_reference_neighbor,110,100,100.769230769231,0,0.0384615384615385
before_reference_neighbor,111,100,100,0,0
before_reference_neighbor,112,100,100,0,0
before_reference_neighbor,113,100,100,0,0
before_reference_neighbor,114,100,100,0,0
before_reference_neighbor,115,100,100,0,0
before_reference_neighbor,116,100,100,0,0
before_reference_neighbor,117,100,100,0,0
before_reference_neighbor,118,100,100,0,0
before_reference_neighbor,119,100,100,0,0
before_reference_neighbor,120,100,100,0,0
before_reference_neighbor,121,100,100,0,0
before_reference_neighbor,122,100,100,0,0
before_reference_neighbor,123,100,100,0,0
before_reference_neighbor,124,100,100,0,0
before_reference_neighbor,125,100,100,0,0
before_reference_neighbor,126,100,100,0,0
before_reference_neighbor,127,100,100,0,0
before_reference_neighbor,128,100,100,0,0
before_reference_neighbor,129,100,100,0,0
before_reference_neighbor,130,100,100,0,0
before_reference_neighbor,131,100,100,0,0
before_reference_neighbor,132,100,100,0,0
before_reference_neighbor,133,100,100,0,0
before_reference_neighbor,134,100,100,0,0
before_reference_neighbor,135,100,100,0,0
before_reference_neighbor,136,100,100,0,0
before_reference_neighbor,137,100,100,0,0
before_reference_neighbor,138,100,100,0,0
before_reference_neighbor,139,100,100,0,0
before_reference_neighbor,140,100,100,0,0
before_reference_neighbor,141,100,100,0,0
before_reference_neighbor,142,100,100,0,0
before_reference_neighbor,143,100,100,0,0
before_reference_neighbor,144,100,100,0,0
before_reference_neighbor,145,100,100,0,0
before_reference_neighbor,146,100,100,0,0
before_reference_neighbor,147,100,100,0,0
before_reference_neighbor,148,100,100,0,0
before_reference_neighbor,149,100,100,0,0
before_reference_neighbor,150,100,100,0,0
before_reference_neighbor,151,100,100,0,0
before_reference_neighbor,152,100,100,0,0
before_reference_neighbor,153,100,100,0,0
before_reference_neighbor,154,100,100,0,0
before_reference_neighbor,155,100,100,0,0
before_reference_neighbor,156,100,100,0,0
before_reference_neighbor,157,100,100,0,0
before_reference_neighbor,158,100,100,0,0
before_reference_neighbor,159,100,100,0,0
before_reference_neighbor,160,100,100,0,0
nonfinite_added,1,100,100,0,0
nonfinite_added,2,100,100,0,0
nonfinite_added,3,100,100,0,0
nonfinite_added,4,100,100,0,0
nonfinite_added,5,100,100,0,0
nonfinite_added,6,100,100,0,0
nonfinite_added,7,100,100,0,0
nonfinite_added,8,100,100,0,0
nonfinite_added,9,100,100,0,0
nonfinite_added,10,100,100,0,0
nonfinite_added,11,100,100,0,0
nonfinite_added,12,100,100,0,0
nonfinite_added,13,100,100,0,0
nonfinite_added,14,100,100,0,0
nonfinite_added,15,100,100,0,0
nonfinite_added,16,100,100,0,0
nonfinite_added,17,100,100,0,0
nonfinite_added,18,100,100,0,0
nonfinite_added,19,100,100,0,0
nonfinite_added,20,100,100,0,0
nonfinite_added,21,100,100,0,0
nonfinite_added,22,100,100,0,0
nonfinite_added,23,100,100,0,0
nonfinite_added,24,100,100,0,0
nonfinite_added,25,100,100,0,0
nonfinite_added,26,100,100,0,0
nonfinite_added,27,100,100,0,0
nonfinite_added,28,100,100,0,0
nonfinite_added,29,100,100,0,0
nonfinite_added,30,100,100,0,0
nonfinite_added,31,100,100,0,0
nonfinite_added,32,100,100,0,0
nonfinite_added,33,100,100,0,0
nonfinite_added,34,100,100,0,0
nonfinite_added,35,100,100,0,0
nonfinite_added,36,100,100,0,0
nonfinite_added,37,100,100,0,0
nonfinite_added,38,100,100,0,0
nonfinite_added,39,100,100,0,0
nonfinite_added,40,100,100,0,0
nonfinite_added,41,100,100,0,0
nonfinite_added,42,100,100,0,0
nonfinite_added,43,100,100,0,0
nonfinite_added,44,100,100,0,0
nonfinite_added,45,100,100,0,0
nonfinite_added,46,100,100,0,0
nonfinite_added,47,100,100,0,0
nonfinite_added,48,100,100,0,0
nonfinite_added,49,100,100,0,0
nonfinite_added,50,100,100,0,0
nonfinite_added,51,100,100,0,0
nonfinite_added,52,100,100,0,0
nonfinite_added,53,100,100,0,0
nonfinite_added,54,100,100,0,0
nonfinite_added,55,100,100,0,0
nonfinite_added,56,100,100,0,0
nonfinite_added,57,100,100,0,0
nonfinite_added,58,100,100,0,0
nonfinite_added,59,100,100,0,0
nonfinite_added,60,100,100,0,0
nonfinite_added,61,100,100,0,0
nonfinite_added,62,100,100,0,0
nonfinite_added,63,100,100,0,0
nonfinite_added,64,100,100,0,0
nonfinite_added,65,100,100,0,0
nonfinite_added,66,100,100,0,0
nonfinite_added,67,100,100,0,0
nonfinite_added,68,100,100,0,0
nonfinite_added,69,100,100,0,0
nonfinite_added,70,100,100,0,0
nonfinite_added,71,100,100,0,0
nonfinite_added,72,100,100,0,0
nonfinite_added,73,100,100,0,0
nonfinite_added,74,100,100,0,0
nonfinite_added,75,100,101.818181818182,0,0.0909090909090909
nonfinite_added,76,100,103.636363636364,0,0.181818181818182
nonfinite_added,77,100,105.454545454545,0,0.272727272727273
nonfinite_added,78,100,107.272727272727,0,0.363636363636364
nonfinite_added,79,100,109.090909090909,0,0.454545454545455
nonfinite_added,80,100,NaN,0,0.545454545454545
nonfinite_added,81,100,112.727272727273,0,0.636363636363636
nonfinite_added,82,100,114.545454545455,0,0.727272727272727
nonfinite_added,83,100,116.363636363636,0,0.818181818181818
nonfinite_added,84,100,118.181818181818,0,0.909090909090909
nonfinite_added,85,100,120,0,1
nonfinite_added,86,100,119.230769230769,0,0.961538461538462
nonfinite_added,87,100,118.461538461538,0,0.923076923076923
nonfinite_added,88,100,117.692307692308,0,0.884615384615385
nonfinite_added,89,100,116.923076923077,0,0.846153846153846
nonfinite_added,90,100,116.153846153846,0,0.807692307692308
nonfinite_added,91,100,115.384615384615,0,0.769230769230769
nonfinite_added,92,100,114.615384615385,0,0.730769230769231
nonfinite_added,93,100,113.846153846154,0,0.692307692307692
nonfinite_added,94,100,113.076923076923,0,0.653846153846154
nonfinite_added,95,100,112.307692307692,0,0.615384615384615
nonfinite_added,96,100,111.538461538462,0,0.576923076923077
nonfinite_added,97,100,110.769230769231,0,0.538461538461538
nonfinite_added,98,100,110,0,0.5
nonfinite_added,99,100,109.230769230769,0,0.461538461538462
nonfinite_added,100,100,108.461538461538,0,0.423076923076923
nonfinite_added,101,100,107.692307692308,0,0.384615384615385
nonfinite_added,102,100,106.923076923077,0,0.346153846153846
nonfinite_added,103,100,106.153846153846,0,0.307692307692308
nonfinite_added,104,100,105.384615384615,0,0.269230769230769
nonfinite_added,105,100,104.615384615385,0,0.230769230769231
nonfinite_added,106,100,103.846153846154,0,0.192307692307692
nonfinite_added,107,100,103.076923076923,0,0.153846153846154
nonfinite_added,108,100,102.307692307692,0,0.115384615384615
nonfinite_added,109,100,101.538461538462,0,0.0769230769230769
nonfinite_added,110,100,100.769230769231,0,0.0384615384615385
nonfinite_added,111,100,100,0,0
nonfinite_added,112,100,100,0,0
nonfinite_added,113,100,100,0,0
nonfinite_added,114,100,100,0,0
nonfinite_added,115,100,100,0,0
nonfinite_added,116,100,100,0,0
nonfinite_added,117,100,100,0,0
nonfinite_added,118,100,100,0,0
nonfinite_added,119,100,100,0,0
nonfinite_added,120,100,100,0,0
nonfinite_added,121,100,100,0,0
nonfinite_added,122,100,100,0,0
nonfinite_added,123,100,100,0,0
nonfinite_added,124,100,100,0,0
nonfinite_added,125,100,100,0,0
nonfinite_added,126,100,100,0,0
nonfinite_added,127,100,100,0,0
nonfinite_added,128,100,100,0,0
nonfinite_added,129,100,100,0,0
nonfinite_added,130,100,100,0,0
nonfinite_added,131,100,100,0,0
nonfinite_added,132,100,100,0,0
nonfinite_added,133,100,100,0,0
nonfinite_added,134,100,100,0,0
nonfinite_added,135,100,100,0,0
nonfinite_added,136,100,100,0,0
nonfinite_added,137,100,100,0,0
nonfinite_added,138,100,100,0,0
nonfinite_added,139,100,100,0,0
nonfinite_added,140,100,100,0,0
nonfinite_added,141,100,100,0,0
nonfinite_added,142,100,100,0,0
nonfinite_added,143,100,100,0,0
nonfinite_added,144,100,100,0,0
nonfinite_added,145,100,100,0,0
nonfinite_added,146,100,100,0,0
nonfinite_added,147,100,100,0,0
nonfinite_added,148,100,100,0,0
nonfinite_added,149,100,100,0,0
nonfinite_added,150,100,100,0,0
nonfinite_added,151,100,100,0,0
nonfinite_added,152,100,100,0,0
nonfinite_added,153,100,100,0,0
nonfinite_added,154,100,100,0,0
nonfinite_added,155,100,100,0,0
nonfinite_added,156,100,100,0,0
nonfinite_added,157,100,100,0,0
nonfinite_added,158,100,100,0,0
nonfinite_added,159,100,100,0,0
nonfinite_added,160,100,100,0,0
