Session,EventRow,Cohort,Context,NativeStartFrame,NativeEndFrame,Status,OnsetFrame,FitStartFrame,FitEndFrame,BaselineStartFrame,BaselineEndFrame,BaselineMean,ProvisionalAmplitude,BaselineStatus,RisingScore,PulseScore,SelectedScore,SelectedModel,SelectorStatus,ModelGapSec,CombinedProfileSpanSec,PlausibleModels,AmplitudeFraction,RiseFrames,Shape,DelayFrames,TruthOnsetFrame,Constructible,PulseTruncated,OnsetErrorSec,WithinFiveSec,NativeBaselineImposedFraction,NativeBaselineEffectPP,ProposedBaselineImposedFraction,BaselineEffectPP,PositiveBaselineFrames,BaselineUnderOnePercent,ControlResolved,SameOnsetAsControl,ShiftFromControlSec,AmplitudeStatus,ArithmeticValid,PositiveAmplitudeEligible,SignedRawAmplitude,ProvisionalPositiveAmplitude,ReferenceStartFrame,ReferenceEndFrame,ReferenceMean,NativePeakFrame,NativePeakValue,FirstHalfReferenceMean,SecondHalfReferenceMean,ReferenceHalfChangeFraction,FirstHalfAmplitude,SecondHalfAmplitude,PositiveAcrossReferenceHalves,OracleSourceAtObservedPeak,OracleImposedAtObservedPeak,OracleBaselineEffect,OracleBaselineImposedFraction,OracleReferencePositiveFrames,DecompositionResidual,ExpandedStatus,ExpandedArithmeticValid,ExpandedPositiveEligible,ExpandedSignedAmplitude,ExpandedPositiveAmplitude,ExpandedPeakFrame,ExpandedPeakValue,AddedFrameCount,AddedNeighborFrames,AddedNonfiniteFrames,PeakPrecedesNative,AmplitudeIncrease,NativeEnvelopeFraction,ExpandedEnvelopeFraction,ExpandedOracleSource,ExpandedOracleImposed,ExpandedOracleReferenceEffect,ExpandedDecompositionResidual,OracleSourceOnlyWindowGain
M400-01-baseline-awake,47,development,selection,468,478,resolved,445,408,472,425,444,83.1672393023753,-0.000440281513584218,provisional_valid,55.3777492994652,78.6250569489132,78.6250569489132,pulse,resolved,NaN,NaN,1,0.2,7,quadratic,25,443,1,0,2,1,0.165987991607072,-14.5527908233303,0.00102215017920959,-0.102170014538161,2,1,0,0,NaN,raw_direction_conflict,1,0,-0.000440281513584218,NaN,425,444,83.1672393023753,475,83.1306223043746,82.5133086876155,83.8211699171351,0.0157256780493158,0.00748138241669793,-0.00823834376736976,0,0.000581418631797392,0,-0.00102170014538161,0.00102215017920959,2,0,positive_raw_change_provisional,1,1,0.226586704094597,0.226586704094597,449,102.011829944547,23,0,0,1,0.227026985608181,0,1,0.0232003832616696,0.204640076652334,-0.00125375581940657,5.55111512312578e-17,0.0226189646298722
FB2312-baseline-awake,11,development,selection,402,412,resolved,379,342,406,359,378,583.468653633623,-0.00540225880740675,provisional_valid,58.5576865370065,114.585658587272,114.585658587272,pulse,resolved,NaN,NaN,1,0.1,7,quadratic,25,377,1,0,2,1,0.0823062216111283,-7.60324126171318,0.000513356700642786,-0.0510583414885413,2,1,0,0,NaN,raw_direction_conflict,1,0,-0.00540225880740675,NaN,359,378,583.468653633623,402,580.316604960685,586.06290886489,580.874398402357,-0.00889252649687509,-0.00980492677029232,-0.000960265150617534,0,-0.022839520926524,0.0179478455340027,-0.000510583414885413,0.000513356700642786,2,-3.12250225675825e-17,positive_raw_change_provisional,1,1,0.108549141243635,0.108549141243635,393,646.803674928133,23,0,0,1,0.113951400051042,0.183673469387755,1,0.00828929306662207,0.100828929306662,-0.000569081129649263,1.38777878078145e-16,0.0189069455336884
FB2312-baseline-awake,15,development,selection,641,650,resolved,616,581,645,596,615,590.675032243381,-0.000540202548853341,provisional_valid,15.6789681626644,13.029209318615,13.029209318615,pulse,resolved,NaN,NaN,1,0.02,7,gamma,25,616,1,0,0,1,0.0131632987508055,-1.28634625746565,0,0,0,1,0,0,NaN,raw_direction_conflict,1,0,-0.000540202548853341,NaN,596,615,590.675032243381,641,590.355948085419,589.390137318868,591.959927167893,0.00435059839801457,0.00163866122861167,-0.00270960754074789,0,-0.00543504982141829,0.00489484727256488,0,0,0,6.59194920871187e-17,positive_raw_change_provisional,1,1,0.0503550414285689,0.0503550414285689,619,620.418497962817,25,0,0,1,0.0508952439774223,0.2460798197084,0.877178862431549,0.0322457582294982,0.0181092831990709,0,-5.89805981832114e-17,0.0372673570925193
FB2312-baseline-awake,15,development,selection,641,650,resolved,617,581,645,597,616,590.007505167457,-0.000652174109821879,provisional_valid,25.142229642186,21.101015854828,21.101015854828,pulse,resolved,NaN,NaN,1,0.02,7,quadratic,25,616,1,0,1,1,0.0164189175893175,-1.59736677481895,2.04103277550161e-05,-0.00203970166677836,1,1,0,0,NaN,raw_direction_conflict,1,0,-0.000652174109821879,NaN,597,616,590.007505167457,641,589.622717547986,588.762400424854,591.252609910059,0.004220640353547,0.00146122972953266,-0.00275667681588998,0,-0.00428948917374028,0.00365771208058622,-2.03970166677836e-05,2.04103277550161e-05,1,-3.8597597340484e-17,positive_raw_change_provisional,1,1,0.0483788952094537,0.0483788952094537,625,618.551416432744,24,0,0,1,0.0490310693192756,0.183673469387755,1,0.0278434244767807,0.0205568684895356,-2.13977568626067e-05,4.85722573273506e-17,0.0373102824114947
FB2316-baseline,26,additional,selection,848,861,resolved,823,788,852,803,822,6144.3591682243,-0.00731595477954916,provisional_valid,32.5477809111774,50.7538740157447,50.7538740157447,pulse,resolved,NaN,NaN,1,0.02,7,gamma,25,823,1,0,0,1,0.0131959570556635,-1.30448935347744,0,0,0,1,0,0,NaN,raw_direction_conflict,1,0,-0.00731595477954916,NaN,803,822,6144.3591682243,849,6099.40731440026,6166.01241121495,6122.70592523364,-0.00704816967817718,-0.0108019725509385,-0.00380528007026448,0,-0.0116946577507546,0.00437870297120547,0,0,0,-1.30104260698261e-17,positive_raw_change_provisional,1,1,0.0222477559484997,0.0222477559484997,830,6281.05737145888,25,0,0,1,0.0295637107280489,0.221525817175095,0.990717599714493,0.0023861244445631,0.0198616315039367,0,-5.89805981832114e-17,0.0165258787449407
FB2316-baseline,26,additional,selection,848,861,resolved,823,788,852,803,822,6144.3591682243,-0.00130187548214111,provisional_valid,21.9228684943432,44.3502501869828,44.3502501869828,pulse,resolved,NaN,NaN,1,0.02,7,exponential,25,823,1,0,0,1,0.0182936515141903,-1.81027123941073,0,0,0,1,0,0,NaN,raw_direction_conflict,1,0,-0.00130187548214111,NaN,803,822,6144.3591682243,849,6136.35997766972,6166.01241121495,6122.70592523364,-0.00704816967817718,-0.00480901295159575,0.0022300683068579,0,-0.0116946577507546,0.0103927822686135,0,0,0,1.38777878078145e-17,positive_raw_change_provisional,1,1,0.0224338469334544,0.0224338469334544,830,6282.20078130841,25,0,0,1,0.0237357224155955,0.52578802442578,1,0.0023861244445631,0.0200477224888913,0,-3.12250225675825e-17,0.0165258787449407
FB2316-baseline,26,additional,selection,848,861,resolved,821,788,852,801,820,6147.83115887851,-0.0097330404202941,provisional_valid,36.1553391246641,44.3132638502317,44.3132638502317,pulse,resolved,NaN,NaN,1,0.02,7,quadratic,25,823,1,0,-2,1,0.0164644041359256,-1.61932313759193,0,0,0,1,0,0,NaN,raw_direction_conflict,1,0,-0.0097330404202941,NaN,801,820,6147.83115887851,849,6087.994069712,6159.09631775701,6136.566,-0.00366475870510427,-0.0115442662976419,-0.00791516465202224,0,-0.0122528036762222,0.00251976325592803,0,0,0,3.98986399474666e-17,positive_raw_change_provisional,1,1,0.0218564269182724,0.0218564269182724,830,6282.20078130841,27,0,0,1,0.0315894673385665,0.127551020408163,1,0.00182002639046308,0.0200364005278093,0,-3.46944695195361e-17,0.0165165457468358
FB2316-baseline,26,additional,selection,848,861,resolved,825,788,852,805,824,6151.13321565898,-0.000190994029006242,provisional_valid,39.2412446547498,194.869421098816,194.869421098816,pulse,resolved,NaN,NaN,1,0.1,7,quadratic,25,823,1,0,2,1,0.0823220206796282,-7.68134306397794,0.000512544246639601,-0.051244635374903,2,1,0,0,NaN,raw_direction_conflict,1,0,-0.000190994029006242,NaN,805,824,6151.13321565898,849,6149.95838594316,6157.82672897196,6144.43970234599,-0.00217635127652528,-0.00127777921905148,0.000898158963960505,0,-0.0122770546314883,0.012598506956231,-0.00051244635374903,0.000512544246639601,2,1.31838984174237e-16,positive_raw_change_provisional,1,1,0.101410451324318,0.101410451324318,830,6774.92241121495,23,0,0,1,0.101601445353324,0.127551020408163,1,0.00179542992212078,0.100179542992212,-0.000564521590015188,-5.55111512312578e-17,0.0125392103998382
FB2316-baseline,27,additional,selection,988,997,resolved,964,928,992,944,963,5847.92667981775,-0.00760860800640517,provisional_valid,-4.22240040733397,14.6515431420682,14.6515431420682,pulse,resolved,NaN,NaN,1,0.02,7,gamma,25,963,1,0,1,1,0.0131976876200706,-1.31276817208993,0.00033160876190852,-0.032908568082779,1,1,0,0,NaN,raw_direction_conflict,1,0,-0.00760860800640517,NaN,944,963,5847.92667981775,991,5803.43209806082,5876.96639701307,5818.88696262244,-0.00993162834805615,-0.0125122884809451,-0.00265598295015701,0,-0.0108168975359433,0.00353737521036586,-0.00032908568082779,0.00033160876190852,1,3.64291929955129e-17,positive_raw_change_provisional,1,1,0.0165055768317306,0.0165055768317306,972,5944.45008293781,24,0,0,1,0.0241141848381358,0.178802852654589,0.930627225044365,-0.00173754537277726,0.0185802043603142,-0.00033708215580619,-1.38777878078145e-16,0.00874261268454829
FB2316-baseline,27,additional,selection,988,997,resolved,963,928,992,943,962,5853.10600497822,-0.00301352461161342,provisional_valid,-4.59884676773475,17.6971892165361,17.6971892165361,pulse,resolved,NaN,NaN,1,0.02,7,exponential,25,963,1,0,0,1,0.0182900047630932,-1.82019312990471,0,0,0,1,0,0,NaN,raw_direction_conflict,1,0,-0.00301352461161342,NaN,943,962,5853.10600497822,991,5835.46752597784,5876.44863098942,5829.76337896702,-0.00797615009581151,-0.00697378767091938,0.000978452578606737,0,-0.0120198336129322,0.00900630900131884,0,0,0,-1.38777878078145e-17,positive_raw_change_provisional,1,1,0.0169894467819536,0.0169894467819536,972,5952.54703795893,25,0,0,1,0.020002971393567,0.455794018328017,1,-0.00295152276279065,0.0199409695447443,0,-5.20417042793042e-17,0.00873198087717189
FB2316-baseline,27,additional,selection,988,997,resolved,966,928,992,946,965,5839.65049859035,-0.00883394694921869,provisional_valid,-3.46144873081772,31.4652985528395,31.4652985528395,pulse,resolved,NaN,NaN,1,0.02,7,quadratic,25,963,1,0,3,1,0.016456309782741,-1.6273332170383,0.000283745336151942,-0.0281238744905377,3,1,0,0,NaN,raw_direction_conflict,1,0,-0.00883394694921869,NaN,946,965,5839.65049859035,991,5788.06333588382,5869.45675171126,5809.84424546944,-0.010208231855008,-0.0138672826584345,-0.00374896617970411,0,-0.009462385605288,0.000909677400974758,-0.000281238744905377,0.000283745336151942,3,-6.24500451351651e-17,positive_raw_change_provisional,1,1,0.019332756197624,0.019332756197624,972,5952.54703795893,22,0,0,1,0.0281667031468427,0.0459183673469388,1,-0.000370600869429527,0.0199925879826115,-0.000289230915557992,0,0.00875458415186998
FB2316-baseline,30,additional,selection,925,934,resolved,902,865,929,882,901,5115.56933244989,-5.10402932539789e-05,provisional_valid,16.257232471925,66.8477592902214,66.8477592902214,pulse,resolved,NaN,NaN,1,0.02,7,quadratic,25,900,1,0,2,1,0.016467322871526,-1.62773813733498,0.000101411742685187,-0.0101406566600182,2,1,0,0,NaN,raw_direction_conflict,1,0,-5.10402932539789e-05,NaN,882,901,5115.56933244989,931,5115.308232291,5118.36831525207,5112.77034964771,-0.00109429962543086,-0.000597862985348918,0.000496381114295064,0,5.03662733462029e-05,0,-0.000101406566600182,0.000101411742685187,2,0,positive_raw_change_provisional,1,1,0.0242516479728252,0.0242516479728252,912,5239.63031908105,23,0,0,1,0.0243026882660792,0,1,0.00427011678175915,0.0200854023356351,-0.000103871144569112,1.38777878078145e-17,0.00845846478583409
FB2316-baseline,39,additional,selection,904,917,resolved,877,844,908,857,876,3693.60636005801,-0.00194019027873293,provisional_valid,-5.64354800935988,13.2144798843939,13.2144798843939,pulse,resolved,NaN,NaN,1,0.02,7,gamma,25,879,1,0,-2,1,0.0131792902962327,-1.3172108725102,0,0,0,1,0,0,NaN,raw_direction_conflict,1,0,-0.00194019027873293,NaN,857,876,3693.60636005801,904,3686.44006090476,3716.21821006837,3670.99451004765,-0.0122437790095225,-0.00801302493027212,0.00420745681172563,0,-0.00682818112131556,0.00488799084258261,0,0,0,1.38777878078145e-17,positive_raw_change_provisional,1,1,0.00887315662302979,0.00887315662302979,891,3726.38030779462,27,0,0,1,0.0108133469017627,0.2460798197084,0.788120999114336,-0.00678235699975704,0.0156555136227868,0,5.20417042793042e-17,0.00499067871744224
FB2316-baseline,39,additional,selection,904,917,resolved,881,844,908,861,880,3683.92596635422,-0.000560412122527665,provisional_valid,-2.92479678289101,34.5081408539106,34.5081408539106,pulse,resolved,NaN,NaN,1,0.02,7,quadratic,25,879,1,0,2,1,0.0164571439392571,-1.63747714324701,0.000101512275426208,-0.0101455386716354,2,1,0,0,NaN,raw_direction_conflict,1,0,-0.000560412122527665,NaN,861,880,3683.92596635422,904,3681.86144958418,3704.08036047234,3663.7715722361,-0.0109418019266361,-0.00599849590879975,0.00493750142207672,0,-0.00411730134312227,0.00365834460731104,-0.000101455386716354,0.000101512275426208,2,-8.41340885848751e-17,positive_raw_change_provisional,1,1,0.0190793866604024,0.0190793866604024,895,3754.21301429459,23,0,0,1,0.0196397987829301,0.183673469387755,1,-0.00080114144335075,0.019983977171133,-0.000103449067379913,5.89805981832114e-17,0.00331615989977157
FB2316-baseline,52,additional,selection,844,861,resolved,821,784,848,801,820,4984.10636558261,-0.00477858205925508,provisional_valid,57.4831691735338,54.3510139509255,54.3510139509255,pulse,resolved,NaN,NaN,1,0.02,7,quadratic,25,819,1,0,2,1,0.016475132324296,-1.61526972052926,0.000101791513310578,-0.0101305094211357,2,1,0,0,NaN,raw_direction_conflict,1,0,-0.00477858205925508,NaN,801,820,4984.10636558261,861,4960.28940432261,4980.65882973115,4987.55390143406,0.00138341182895237,-0.00408970501792827,-0.00546650675867477,0,-0.00467727696504372,0,-0.000101305094211357,0.000101791513310578,2,0,positive_raw_change_provisional,1,1,0.0322551062926157,0.0322551062926157,825,5144.86924617818,23,0,0,1,0.0370336883518708,0,1,0.0121178246098117,0.0202423564921962,-0.000105074809392036,-1.38777878078145e-16,0.0167951015748553
FB2316-baseline,52,additional,selection,844,861,resolved,821,784,848,801,820,4986.13551794993,-0.00113740131137341,provisional_valid,45.0963477974889,190.284096916905,190.284096916905,pulse,resolved,NaN,NaN,1,0.1,7,quadratic,25,819,1,0,2,1,0.0823756616214806,-7.61546822455817,0.000508957566553114,-0.0508378677549604,2,1,0,0,NaN,raw_direction_conflict,1,0,-0.00113740131137341,NaN,801,820,4986.13551794993,844,4980.46428087313,4980.65882973115,4991.61220616871,0.00219676669399052,-3.90608681855031e-05,-0.00223333160412653,0,-0.0186537496805085,0.0180247270466846,-0.000508378677549604,0.000508957566553114,2,9.71445146547012e-17,positive_raw_change_provisional,1,1,0.112763257790958,0.112763257790958,825,5548.38840274117,23,0,0,1,0.113900659102331,0.183673469387755,1,0.0121178246098117,0.101211782460981,-0.000566349279835121,1.38777878078145e-17,0.0167951015748553
FB2316-baseline,62,additional,selection,850,866,resolved,822,790,854,802,821,3166.7887823186,-0.00264705429002854,provisional_valid,77.4030798877705,83.7473482895307,83.7473482895307,pulse,resolved,NaN,NaN,1,0.1,7,gamma,25,825,1,0,-3,1,0.0662442301401744,-6.30343311860249,0,0,0,1,0,0,NaN,raw_direction_conflict,1,0,-0.00264705429002854,NaN,802,821,3166.7887823186,853,3158.40612048675,3141.95879899917,3191.61876563803,0.0156814900053127,0.00523473493440485,-0.0104062068781089,0,-0.0201667522719866,0.017519697981958,0,0,0,6.24500451351651e-17,positive_raw_change_provisional,1,1,0.104100901231864,0.104100901231864,832,3496.45434856892,28,0,0,1,0.106747955521893,0.178802852654589,0.990717599714493,0.00457580791680567,0.0995250933150584,0,1.38777878078145e-17,0.0314871313179904
FB2316-baseline,62,additional,selection,850,866,resolved,828,790,854,808,827,3187.01938928699,-0.0179974587211286,provisional_valid,67.2246729688611,83.4188655406525,83.4188655406525,pulse,resolved,NaN,NaN,1,0.1,7,quadratic,25,825,1,0,3,1,0.0824958370304865,-7.66162566538479,0.0014143671684026,-0.138891215367276,3,1,0,0,NaN,raw_direction_conflict,1,0,-0.0179974587211286,NaN,808,827,3187.01938928699,850,3129.66113938486,3185.53803169308,3188.5007468809,0.00092961944247522,-0.0175408021352419,-0.0184536909874027,0,-0.034345065767642,0.0177365192001862,-0.00138891215367276,0.0014143671684026,3,-3.46944695195361e-18,positive_raw_change_provisional,1,1,0.10733559132489,0.10733559132489,835,3529.1,22,0,0,1,0.125333050046019,0.183673469387755,1,0.00809251857242166,0.100809251857242,-0.00156617910477341,-1.11022302462516e-16,0.0295518213981368
