Path,SHA256
../reference-validation/surge-onset-trace-panel-20260909/panel-results.csv,000eec59c907590d9f87a47ab5c3b7fec6b7310f7318a3b1ec3530a4d42bdb7f
../reference-validation/surge-pulse-onset-20260910/panel-results.csv,50b92d64f87da677a3d22ea48166258f7bb5b18699e4f044fac3ab0aedbb9d13
../reference-validation/surge-onset-trace-panel-20260909/source-controls.csv,0f63424aaf0dedef7cdb9ab87978664d7a98de72f59bde70bfd9898e2ed05061
../reference-validation/surge-pulse-onset-20260910/source-controls.csv,d382eab5688850f7199f8d28b095c97225b9dbcbbe9e23c91ee010592a36004b
../reference-validation/surge-onset-trace-panel-20260909/backgrounds.csv,c1c6ebaf71e8d206eeaf8c2dd02b4a6a13b7bbd84f84cf835e8a8259a44cbf6f
../reference-validation/surge-amplitude-support-20260909/M400-01-baseline-awake/growing_clean/audit-inputs.mat,69708cfaf9befadec0fd362696ccaf38f360635564147b491d83c7c897a55665
../reference-validation/surge-amplitude-support-20260909/M401-01-baseline-awake/growing_clean/audit-inputs.mat,1e09ef9f26e06e81872a7f311418bf7a613c1dffb35124938f34fb5bdae94179
../reference-validation/surge-amplitude-support-20260909/FB2312-baseline-awake/growing_clean/audit-inputs.mat,17fde840b06ee58cd7516d0faefee1f2bc54860bdfa665d9bd64944863de6051
../reference-validation/surge-amplitude-support-20260909/FB2411/growing_clean/audit-inputs.mat,1b062be1e4c383127ee0d1fcc1987b1dea5a8961aed95a2697845c65cdd26a47
../reference-validation/local-timing-rerun-20260909/ID13-20200917/reference-report.json,f3fdc09463654ddf3d940865465325f71025a25a53f2fd855a992cbd4fa7cd45
../reference-validation/local-timing-rerun-20260909/ID13-20200917/Recording/archive_original.tif,19211dc232042f969c35fc18d135b54793a9c162e883e4107ae4a411cd9be63b
../reference-validation/local-timing-rerun-20260909/ID13-20200917/Recording/OxygenSurges_Output/OxygenSurgesRecording.mat,414b6ac466adcabeefce85bb2316fa316881516a173122e1c0d5282202614285
../reference-validation/local-timing-rerun-20260909/ID13-20200917/Recording/OxygenSinks_Output/OxygenSinks_UrefinedRecording.mat,723a79870fc2f4b2c3a86bd40814fafa8fffa48ed6fdaf3d19800246bdeb81bd
../reference-validation/local-timing-rerun-20260909/FB2316-baseline/reference-report.json,f898ba404a5bdd1ef529e88c532addd39d48e9a4d8ecc3ce70362427b78a74a5
../reference-validation/local-timing-rerun-20260909/FB2316-baseline/Recording/archive_original.tif,23385c57fd4c0fbd8eb031c2058b48166e42a5df01cf8b1fb486cfa6360a2065
../reference-validation/local-timing-rerun-20260909/FB2316-baseline/Recording/OxygenSurges_Output/OxygenSurgesRecording.mat,1068743c4b29dbbf33a682903cbcfa871e18864339e2faaa5d45ed46f9d5a599
../reference-validation/local-timing-rerun-20260909/FB2316-baseline/Recording/OxygenSinks_Output/OxygenSinks_UrefinedRecording.mat,34490310ba2969a82ebba78368bb34d50c30ca04b996ee8885b0e90562cdb258
../reference-validation/surge-model-selection-20260910/additional-backgrounds/FB2316-baseline/background-inputs.mat,c909c2b74ee601f15043db288493cb25e158645caf85c3d99c38a3db39543a61
../reference-validation/surge-model-selection-20260910/additional-backgrounds/ID13-20200917/background-inputs.mat,d938934adeec0c2fb42e0f70723b5eb78e740cf2775958bd00db8c1388358717
