Cohort,Context,Shape,RiseFrames,DelayFrames,AmplitudeFraction,Planned,Constructible,Resolved,WithinFiveSec,BaselineUnderOnePercent,WithinFiveSecAndClean,AvailableAmplitudes,SameOnsetAsControl,ResolvedFraction,WithinFiveSecFractionAll,WithinFiveSecFractionResolved,MedianOnsetErrorSec,MedianBaselineImposedFraction,MedianBaselineEffectPP,MedianAbsoluteErrorSec,P90AbsoluteErrorSec
additional,pulse,exponential,23,10,0.02,193,183,15,8,15,8,15,3,0.08196721311475409,0.04371584699453552,0.5333333333333333,-2.0,0.0,0.0,4.0,14.799999999999999
additional,pulse,exponential,23,10,0.1,193,183,38,29,37,29,38,1,0.20765027322404372,0.15846994535519127,0.7631578947368421,-1.5,0.0,0.0,2.0,6.0
additional,pulse,exponential,23,10,0.2,193,183,52,48,52,48,52,1,0.28415300546448086,0.26229508196721313,0.9230769230769231,-2.0,0.0,0.0,2.0,5.0
additional,pulse,exponential,23,25,0.02,193,183,10,6,7,6,10,3,0.0546448087431694,0.03278688524590164,0.6,0.5,0.000183930349275996,-0.01870460642574565,4.5,22.0
additional,pulse,exponential,23,25,0.1,193,183,28,20,26,20,28,2,0.15300546448087432,0.1092896174863388,0.7142857142857143,-1.0,0.0,0.0,2.0,14.0
additional,pulse,exponential,23,25,0.2,193,183,36,31,35,31,36,0,0.19672131147540983,0.16939890710382513,0.8611111111111112,-2.0,0.0,0.0,2.0,8.0
additional,pulse,exponential,7,10,0.02,193,183,19,14,19,14,19,2,0.10382513661202186,0.07650273224043716,0.7368421052631579,-2.0,0.0,0.0,4.0,10.399999999999995
additional,pulse,exponential,7,10,0.1,193,183,46,44,46,44,46,0,0.25136612021857924,0.24043715846994534,0.9565217391304348,-1.0,0.0,0.0,1.5,3.5
additional,pulse,exponential,7,10,0.2,193,183,58,56,58,56,58,0,0.31693989071038253,0.30601092896174864,0.9655172413793104,-1.0,0.0,0.0,1.0,3.0
additional,pulse,exponential,7,25,0.02,193,183,13,11,11,11,13,2,0.07103825136612021,0.060109289617486336,0.8461538461538461,-1.0,0.0,0.0,1.0,18.200000000000014
additional,pulse,exponential,7,25,0.1,193,183,34,34,34,34,34,1,0.18579234972677597,0.18579234972677597,1.0,-1.0,0.0,0.0,1.0,3.0
additional,pulse,exponential,7,25,0.2,193,183,37,37,36,36,37,1,0.20218579234972678,0.20218579234972678,1.0,-1.0,0.0,0.0,1.0,3.0
additional,pulse,gamma,23,10,0.02,193,183,14,7,14,7,14,3,0.07650273224043716,0.03825136612021858,0.5,-1.5,0.0,0.0,5.0,13.600000000000009
additional,pulse,gamma,23,10,0.1,193,183,38,34,38,34,38,1,0.20765027322404372,0.18579234972677597,0.8947368421052632,-1.5,0.0,0.0,2.0,5.300000000000004
additional,pulse,gamma,23,10,0.2,193,183,52,49,51,48,52,0,0.28415300546448086,0.2677595628415301,0.9423076923076923,-1.0,0.0,0.0,1.5,5.0
additional,pulse,gamma,23,25,0.02,193,183,9,5,6,5,9,3,0.04918032786885246,0.0273224043715847,0.5555555555555556,2.0,0.000327638604134872,-0.0332930368546425,4.0,22.0
additional,pulse,gamma,23,25,0.1,193,183,29,21,27,21,29,2,0.15846994535519127,0.11475409836065574,0.7241379310344828,-2.0,0.0,0.0,2.0,14.0
additional,pulse,gamma,23,25,0.2,193,183,38,34,37,34,38,0,0.20765027322404372,0.18579234972677597,0.8947368421052632,-2.0,0.0,0.0,2.0,5.900000000000013
additional,pulse,gamma,7,10,0.02,193,183,18,14,18,14,18,2,0.09836065573770492,0.07650273224043716,0.7777777777777778,-2.0,0.0,0.0,2.5,11.800000000000004
additional,pulse,gamma,7,10,0.1,193,183,46,45,46,45,46,0,0.25136612021857924,0.2459016393442623,0.9782608695652174,-1.0,0.0,0.0,1.0,4.0
additional,pulse,gamma,7,10,0.2,193,183,56,55,56,55,56,0,0.30601092896174864,0.3005464480874317,0.9821428571428571,-1.0,0.0,0.0,1.0,3.0
additional,pulse,gamma,7,25,0.02,193,183,14,8,11,8,14,3,0.07650273224043716,0.04371584699453552,0.5714285714285714,0.0,0.0,0.0,1.5,19.900000000000006
additional,pulse,gamma,7,25,0.1,193,183,36,34,36,34,36,1,0.19672131147540983,0.18579234972677597,0.9444444444444444,-1.0,0.0,0.0,1.0,3.0
additional,pulse,gamma,7,25,0.2,193,183,38,36,38,36,38,1,0.20765027322404372,0.19672131147540983,0.9473684210526315,-1.0,0.0,0.0,1.0,3.0
additional,pulse,quadratic,23,10,0.02,193,183,8,3,8,3,8,4,0.04371584699453552,0.01639344262295082,0.375,-5.5,0.0,0.0,8.0,23.099999999999998
additional,pulse,quadratic,23,10,0.1,193,183,26,15,26,15,26,5,0.14207650273224043,0.08196721311475409,0.5769230769230769,3.5,0.00020662513721814152,-0.022469209380426798,5.0,12.0
additional,pulse,quadratic,23,10,0.2,193,183,38,27,38,27,38,2,0.20765027322404372,0.14754098360655737,0.7105263157894737,2.5,0.0001785315740800986,-0.02051628913739555,4.0,9.0
additional,pulse,quadratic,23,25,0.02,193,183,13,4,13,4,13,4,0.07103825136612021,0.02185792349726776,0.3076923076923077,10.0,0.000711349220226865,-0.0800500235807355,10.0,18.6
additional,pulse,quadratic,23,25,0.1,193,183,37,10,33,10,37,3,0.20218579234972678,0.0546448087431694,0.2702702702702703,8.0,0.00193356873243,-0.217822940487156,8.0,14.199999999999996
additional,pulse,quadratic,23,25,0.2,193,183,48,9,38,9,48,2,0.26229508196721313,0.04918032786885246,0.1875,7.0,0.002686092440514985,-0.342525391166415,7.5,16.300000000000004
additional,pulse,quadratic,7,10,0.02,193,183,22,18,22,18,22,3,0.12021857923497267,0.09836065573770492,0.8181818181818182,1.0,5.0876244180209e-05,-0.00521224957471535,4.0,7.0
additional,pulse,quadratic,7,10,0.1,193,183,49,47,49,47,49,0,0.2677595628415301,0.2568306010928962,0.9591836734693877,2.0,0.000485859191087012,-0.0552533796273291,2.0,4.200000000000003
additional,pulse,quadratic,7,10,0.2,193,183,62,61,61,60,62,0,0.33879781420765026,0.3333333333333333,0.9838709677419355,2.0,0.001012756591085015,-0.1224750868000335,2.0,3.0
additional,pulse,quadratic,7,25,0.02,193,183,14,11,12,11,14,2,0.07650273224043716,0.060109289617486336,0.7857142857142857,2.0,0.0001014620090556975,-0.01013558304057695,2.0,19.60000000000001
additional,pulse,quadratic,7,25,0.1,193,183,39,38,39,38,39,0,0.21311475409836064,0.20765027322404372,0.9743589743589743,2.0,0.000507504979696316,-0.0513990220830651,2.0,5.0
additional,pulse,quadratic,7,25,0.2,193,183,43,43,41,41,43,0,0.23497267759562843,0.23497267759562843,1.0,2.0,0.00101519014900386,-0.104554922657374,2.0,3.0
additional,rising,exponential,23,10,0.02,193,183,19,10,19,10,19,3,0.10382513661202186,0.0546448087431694,0.5263157894736842,0.0,0.0,0.0,5.0,7.199999999999999
additional,rising,exponential,23,10,0.1,193,183,44,41,44,41,44,1,0.24043715846994534,0.22404371584699453,0.9318181818181818,-2.0,0.0,0.0,2.0,5.0
additional,rising,exponential,23,10,0.2,193,183,54,53,54,53,54,1,0.29508196721311475,0.2896174863387978,0.9814814814814815,-2.0,0.0,0.0,2.0,3.700000000000003
additional,rising,exponential,23,25,0.02,193,183,15,6,10,6,15,3,0.08196721311475409,0.03278688524590164,0.4,1.0,0.00012874970807375,-0.0145579985375788,11.0,21.6
additional,rising,exponential,23,25,0.1,193,183,22,8,21,8,22,1,0.12021857923497267,0.04371584699453552,0.36363636363636365,-6.5,0.0,0.0,7.0,10.0
additional,rising,exponential,23,25,0.2,193,183,25,7,25,7,25,0,0.1366120218579235,0.03825136612021858,0.28,-7.0,0.0,0.0,7.0,9.0
additional,rising,exponential,7,10,0.02,193,183,20,12,20,12,20,3,0.1092896174863388,0.06557377049180328,0.6,-2.0,0.0,0.0,5.0,8.100000000000001
additional,rising,exponential,7,10,0.1,193,183,45,34,45,34,45,0,0.2459016393442623,0.18579234972677597,0.7555555555555555,-5.0,0.0,0.0,5.0,6.600000000000001
additional,rising,exponential,7,10,0.2,193,183,53,45,53,45,53,0,0.2896174863387978,0.2459016393442623,0.8490566037735849,-5.0,0.0,0.0,5.0,6.0
additional,rising,exponential,7,25,0.02,193,183,4,2,2,2,4,0,0.02185792349726776,0.01092896174863388,0.5,10.5,0.00944241632782105,-0.99223543822319,13.5,22.0
additional,rising,exponential,7,25,0.1,193,183,0,0,0,0,0,0,0.0,0.0,nan,nan,nan,nan,nan,nan
additional,rising,exponential,7,25,0.2,193,183,0,0,0,0,0,0,0.0,0.0,nan,nan,nan,nan,nan,nan
additional,rising,gamma,23,10,0.02,193,183,19,10,19,10,19,3,0.10382513661202186,0.0546448087431694,0.5263157894736842,0.0,0.0,0.0,5.0,7.199999999999999
additional,rising,gamma,23,10,0.1,193,183,44,41,44,41,44,1,0.24043715846994534,0.22404371584699453,0.9318181818181818,-1.0,0.0,0.0,2.0,5.0
additional,rising,gamma,23,10,0.2,193,183,55,54,55,54,55,1,0.3005464480874317,0.29508196721311475,0.9818181818181818,-1.0,0.0,0.0,2.0,3.0
additional,rising,gamma,23,25,0.02,193,183,14,6,11,6,14,3,0.07650273224043716,0.03278688524590164,0.42857142857142855,0.5,5.6603564949742e-05,-0.0063909210511137,10.5,21.700000000000003
additional,rising,gamma,23,25,0.1,193,183,21,8,20,8,21,1,0.11475409836065574,0.04371584699453552,0.38095238095238093,-6.0,0.0,0.0,7.0,10.0
additional,rising,gamma,23,25,0.2,193,183,26,8,26,8,26,0,0.14207650273224043,0.04371584699453552,0.3076923076923077,-7.0,0.0,0.0,7.0,9.0
additional,rising,gamma,7,10,0.02,193,183,20,11,20,11,20,1,0.1092896174863388,0.060109289617486336,0.55,-2.5,0.0,0.0,5.0,9.800000000000011
additional,rising,gamma,7,10,0.1,193,183,41,15,41,15,41,0,0.22404371584699453,0.08196721311475409,0.36585365853658536,-6.0,0.0,0.0,6.0,8.0
additional,rising,gamma,7,10,0.2,193,183,47,19,47,19,47,0,0.2568306010928962,0.10382513661202186,0.40425531914893614,-6.0,0.0,0.0,6.0,7.0
additional,rising,gamma,7,25,0.02,193,183,4,1,1,1,4,0,0.02185792349726776,0.00546448087431694,0.25,17.5,0.0128331001950613,-1.37648154138197,17.5,22.0
additional,rising,gamma,7,25,0.1,193,183,0,0,0,0,0,0,0.0,0.0,nan,nan,nan,nan,nan,nan
additional,rising,gamma,7,25,0.2,193,183,0,0,0,0,0,0,0.0,0.0,nan,nan,nan,nan,nan,nan
additional,rising,quadratic,23,10,0.02,193,183,16,6,16,6,16,6,0.08743169398907104,0.03278688524590164,0.375,3.5,4.13059464837717e-05,-0.004441692248302595,6.0,9.0
additional,rising,quadratic,23,10,0.1,193,183,33,19,33,19,33,5,0.18032786885245902,0.10382513661202186,0.5757575757575758,4.0,0.000283437259121166,-0.0334445890322499,5.0,7.800000000000001
additional,rising,quadratic,23,10,0.2,193,183,50,25,50,25,50,4,0.273224043715847,0.1366120218579235,0.5,5.0,0.0010513349155538698,-0.1328466096116255,5.5,8.100000000000001
additional,rising,quadratic,23,25,0.02,193,183,19,5,19,5,19,4,0.10382513661202186,0.0273224043715847,0.2631578947368421,12.0,0.00122649679913667,-0.127226537061076,12.0,21.2
additional,rising,quadratic,23,25,0.1,193,183,40,11,36,11,40,0,0.2185792349726776,0.060109289617486336,0.275,7.0,0.0013126252972976951,-0.1492048968620315,7.0,13.200000000000003
additional,rising,quadratic,23,25,0.2,193,183,47,14,42,14,47,0,0.2568306010928962,0.07650273224043716,0.2978723404255319,6.0,0.00173531966360096,-0.222485156025054,7.0,12.0
additional,rising,quadratic,7,10,0.02,193,183,21,14,21,14,21,4,0.11475409836065574,0.07650273224043716,0.6666666666666666,0.0,0.0,0.0,4.0,7.0
additional,rising,quadratic,7,10,0.1,193,183,51,48,51,48,51,1,0.2786885245901639,0.26229508196721313,0.9411764705882353,-1.0,0.0,0.0,1.0,4.0
additional,rising,quadratic,7,10,0.2,193,183,56,55,56,55,56,1,0.30601092896174864,0.3005464480874317,0.9821428571428571,-1.0,0.0,0.0,1.0,2.0
additional,rising,quadratic,7,25,0.02,193,183,3,1,1,1,3,0,0.01639344262295082,0.00546448087431694,0.3333333333333333,22.0,0.016499505680444,-1.74396487943385,22.0,22.8
additional,rising,quadratic,7,25,0.1,193,183,0,0,0,0,0,0,0.0,0.0,nan,nan,nan,nan,nan,nan
additional,rising,quadratic,7,25,0.2,193,183,0,0,0,0,0,0,0.0,0.0,nan,nan,nan,nan,nan,nan
additional,selection,exponential,23,10,0.02,193,183,21,11,21,11,21,4,0.11475409836065574,0.060109289617486336,0.5238095238095238,-1.0,0.0,0.0,5.0,8.0
additional,selection,exponential,23,10,0.1,193,183,44,40,43,40,44,3,0.24043715846994534,0.2185792349726776,0.9090909090909091,-2.0,0.0,0.0,2.0,5.0
additional,selection,exponential,23,10,0.2,193,183,55,52,55,52,55,2,0.3005464480874317,0.28415300546448086,0.9454545454545454,-2.0,0.0,0.0,2.0,4.600000000000001
additional,selection,exponential,23,25,0.02,193,183,16,9,13,9,16,3,0.08743169398907104,0.04918032786885246,0.5625,0.5,6.4374854036875e-05,-0.0072789992687894,3.5,21.5
additional,selection,exponential,23,25,0.1,193,183,27,20,25,20,27,2,0.14754098360655737,0.1092896174863388,0.7407407407407407,-1.0,0.0,0.0,2.0,11.00000000000001
additional,selection,exponential,23,25,0.2,193,183,36,32,35,32,36,0,0.19672131147540983,0.17486338797814208,0.8888888888888888,-2.0,0.0,0.0,2.0,6.5
additional,selection,exponential,7,10,0.02,193,183,22,13,22,13,22,3,0.12021857923497267,0.07103825136612021,0.5909090909090909,-2.0,0.0,0.0,5.0,8.900000000000002
additional,selection,exponential,7,10,0.1,193,183,46,42,46,42,46,0,0.25136612021857924,0.22950819672131148,0.9130434782608695,-1.0,0.0,0.0,2.0,5.0
additional,selection,exponential,7,10,0.2,193,183,58,55,58,55,58,0,0.31693989071038253,0.3005464480874317,0.9482758620689655,-1.0,0.0,0.0,1.0,3.3000000000000043
additional,selection,exponential,7,25,0.02,193,183,13,11,11,11,13,1,0.07103825136612021,0.060109289617486336,0.8461538461538461,-1.0,0.0,0.0,1.0,18.200000000000014
additional,selection,exponential,7,25,0.1,193,183,34,34,34,34,34,1,0.18579234972677597,0.18579234972677597,1.0,-1.0,0.0,0.0,1.0,3.0
additional,selection,exponential,7,25,0.2,193,183,37,37,36,36,37,1,0.20218579234972678,0.20218579234972678,1.0,-1.0,0.0,0.0,1.0,3.0
additional,selection,gamma,23,10,0.02,193,183,21,11,21,11,21,4,0.11475409836065574,0.060109289617486336,0.5238095238095238,0.0,0.0,0.0,5.0,8.0
additional,selection,gamma,23,10,0.1,193,183,44,40,44,40,44,3,0.24043715846994534,0.2185792349726776,0.9090909090909091,-1.5,0.0,0.0,2.0,5.0
additional,selection,gamma,23,10,0.2,193,183,55,54,55,54,55,1,0.3005464480874317,0.29508196721311475,0.9818181818181818,-1.0,0.0,0.0,1.0,4.0
additional,selection,gamma,23,25,0.02,193,183,16,9,13,9,16,3,0.08743169398907104,0.04918032786885246,0.5625,0.5,5.6603564949742e-05,-0.0063909210511137,3.5,21.5
additional,selection,gamma,23,25,0.1,193,183,30,22,28,22,30,2,0.16393442622950818,0.12021857923497267,0.7333333333333333,-2.0,0.0,0.0,2.0,14.0
additional,selection,gamma,23,25,0.2,193,183,37,33,36,33,37,0,0.20218579234972678,0.18032786885245902,0.8918918918918919,-2.0,0.0,0.0,2.0,6.199999999999996
additional,selection,gamma,7,10,0.02,193,183,21,14,21,14,21,2,0.11475409836065574,0.07650273224043716,0.6666666666666666,-2.0,0.0,0.0,4.0,10.0
additional,selection,gamma,7,10,0.1,193,183,47,43,47,43,47,1,0.2568306010928962,0.23497267759562843,0.9148936170212766,-1.0,0.0,0.0,1.0,4.0
additional,selection,gamma,7,10,0.2,193,183,55,54,55,54,55,0,0.3005464480874317,0.29508196721311475,0.9818181818181818,-1.0,0.0,0.0,1.0,3.0
additional,selection,gamma,7,25,0.02,193,183,13,7,10,7,13,2,0.07103825136612021,0.03825136612021858,0.5384615384615384,-1.0,0.0,0.0,2.0,20.600000000000005
additional,selection,gamma,7,25,0.1,193,183,35,33,35,33,35,1,0.1912568306010929,0.18032786885245902,0.9428571428571428,-1.0,0.0,0.0,1.0,3.0
additional,selection,gamma,7,25,0.2,193,183,38,36,38,36,38,1,0.20765027322404372,0.19672131147540983,0.9473684210526315,-1.0,0.0,0.0,1.0,3.0
additional,selection,quadratic,23,10,0.02,193,183,19,7,19,7,19,9,0.10382513661202186,0.03825136612021858,0.3684210526315789,2.0,9.40032167884297e-06,-0.000971047948694626,6.0,16.999999999999996
additional,selection,quadratic,23,10,0.1,193,183,32,18,32,18,32,8,0.17486338797814208,0.09836065573770492,0.5625,4.0,0.0002830781377212155,-0.032430223776924755,5.0,8.0
additional,selection,quadratic,23,10,0.2,193,183,47,22,47,22,47,6,0.2568306010928962,0.12021857923497267,0.46808510638297873,5.0,0.00105741573464635,-0.13748661170927,6.0,9.0
additional,selection,quadratic,23,25,0.02,193,183,21,6,21,6,21,5,0.11475409836065574,0.03278688524590164,0.2857142857142857,12.0,0.00122649679913667,-0.127226537061076,12.0,22.0
additional,selection,quadratic,23,25,0.1,193,183,44,12,38,12,44,1,0.24043715846994534,0.06557377049180328,0.2727272727272727,7.0,0.00132642707707076,-0.152333000651939,7.0,15.700000000000003
additional,selection,quadratic,23,25,0.2,193,183,49,9,40,9,49,1,0.2677595628415301,0.04918032786885246,0.1836734693877551,7.0,0.00265130124234791,-0.336524496822177,7.0,13.200000000000003
additional,selection,quadratic,7,10,0.02,193,183,25,17,25,17,25,5,0.1366120218579235,0.09289617486338798,0.68,0.0,0.0,0.0,4.0,7.600000000000001
additional,selection,quadratic,7,10,0.1,193,183,52,49,52,49,52,1,0.28415300546448086,0.2677595628415301,0.9423076923076923,0.0,0.0,0.0,2.0,3.0
additional,selection,quadratic,7,10,0.2,193,183,61,60,61,60,61,0,0.3333333333333333,0.32786885245901637,0.9836065573770492,2.0,0.000972940444860626,-0.12057288000602,2.0,3.0
additional,selection,quadratic,7,25,0.02,193,183,14,11,12,11,14,1,0.07650273224043716,0.060109289617486336,0.7857142857142857,2.0,0.0001014620090556975,-0.01013558304057695,2.0,19.60000000000001
additional,selection,quadratic,7,25,0.1,193,183,39,38,39,38,39,1,0.21311475409836064,0.20765027322404372,0.9743589743589743,2.0,0.000507504979696316,-0.0513990220830651,2.0,5.0
additional,selection,quadratic,7,25,0.2,193,183,43,43,41,41,43,1,0.23497267759562843,0.23497267759562843,1.0,2.0,0.00101519014900386,-0.104554922657374,2.0,3.0
development,pulse,exponential,23,10,0.02,115,108,11,10,11,10,11,2,0.10185185185185185,0.09259259259259259,0.9090909090909091,-3.0,0.0,0.0,3.0,5.0
development,pulse,exponential,23,10,0.1,115,108,38,31,37,31,38,1,0.35185185185185186,0.28703703703703703,0.8157894736842105,-2.0,0.0,0.0,3.0,8.900000000000013
development,pulse,exponential,23,10,0.2,115,108,48,41,45,40,48,0,0.4444444444444444,0.37962962962962965,0.8541666666666666,-1.5,0.0,0.0,3.0,7.0
development,pulse,exponential,23,25,0.02,115,106,12,7,12,7,12,1,0.11320754716981132,0.0660377358490566,0.5833333333333334,-4.5,0.0,0.0,5.0,11.700000000000001
development,pulse,exponential,23,25,0.1,115,106,30,23,29,23,30,0,0.2830188679245283,0.2169811320754717,0.7666666666666667,-3.0,0.0,0.0,3.0,9.0
development,pulse,exponential,23,25,0.2,115,106,37,31,37,31,37,0,0.3490566037735849,0.29245283018867924,0.8378378378378378,-3.0,0.0,0.0,3.0,8.399999999999999
development,pulse,exponential,7,10,0.02,115,108,14,11,14,11,14,1,0.12962962962962962,0.10185185185185185,0.7857142857142857,-2.5,0.0,0.0,2.5,7.400000000000002
development,pulse,exponential,7,10,0.1,115,108,42,35,41,35,42,0,0.3888888888888889,0.32407407407407407,0.8333333333333334,-1.0,0.0,0.0,1.0,7.899999999999999
development,pulse,exponential,7,10,0.2,115,108,48,43,47,42,48,0,0.4444444444444444,0.39814814814814814,0.8958333333333334,-1.0,0.0,0.0,1.0,5.300000000000004
development,pulse,exponential,7,25,0.02,115,106,16,11,16,11,16,1,0.1509433962264151,0.10377358490566038,0.6875,-3.0,0.0,0.0,3.0,11.0
development,pulse,exponential,7,25,0.1,115,106,39,36,39,36,39,0,0.36792452830188677,0.33962264150943394,0.9230769230769231,-1.0,0.0,0.0,1.0,4.0
development,pulse,exponential,7,25,0.2,115,106,44,41,43,41,44,1,0.41509433962264153,0.3867924528301887,0.9318181818181818,-1.0,0.0,0.0,1.0,3.700000000000003
development,pulse,gamma,23,10,0.02,115,108,11,10,11,10,11,2,0.10185185185185185,0.09259259259259259,0.9090909090909091,-3.0,0.0,0.0,3.0,5.0
development,pulse,gamma,23,10,0.1,115,108,38,30,38,30,38,1,0.35185185185185186,0.2777777777777778,0.7894736842105263,-1.0,0.0,0.0,3.0,8.200000000000017
development,pulse,gamma,23,10,0.2,115,108,47,41,44,39,47,0,0.4351851851851852,0.37962962962962965,0.8723404255319149,-1.0,0.0,0.0,3.0,7.0
development,pulse,gamma,23,25,0.02,115,106,12,7,12,7,12,1,0.11320754716981132,0.0660377358490566,0.5833333333333334,-4.0,0.0,0.0,4.5,11.700000000000001
development,pulse,gamma,23,25,0.1,115,106,31,25,30,25,31,0,0.29245283018867924,0.2358490566037736,0.8064516129032258,-3.0,0.0,0.0,3.0,7.0
development,pulse,gamma,23,25,0.2,115,106,38,31,38,31,38,0,0.3584905660377358,0.29245283018867924,0.8157894736842105,-2.5,0.0,0.0,2.5,8.0
development,pulse,gamma,7,10,0.02,115,108,15,11,15,11,15,1,0.1388888888888889,0.10185185185185185,0.7333333333333333,-2.0,0.0,0.0,2.0,7.6
development,pulse,gamma,7,10,0.1,115,108,41,35,40,35,41,0,0.37962962962962965,0.32407407407407407,0.8536585365853658,-1.0,0.0,0.0,1.0,6.0
development,pulse,gamma,7,10,0.2,115,108,49,45,48,44,49,0,0.4537037037037037,0.4166666666666667,0.9183673469387755,-1.0,0.0,0.0,1.0,4.0
development,pulse,gamma,7,25,0.02,115,106,13,9,13,9,13,0,0.12264150943396226,0.08490566037735849,0.6923076923076923,-1.0,0.0,0.0,1.0,9.8
development,pulse,gamma,7,25,0.1,115,106,37,35,37,35,37,0,0.3490566037735849,0.330188679245283,0.9459459459459459,-1.0,0.0,0.0,1.0,3.3999999999999986
development,pulse,gamma,7,25,0.2,115,106,43,41,43,41,43,0,0.4056603773584906,0.3867924528301887,0.9534883720930233,-1.0,0.0,0.0,1.0,3.0
development,pulse,quadratic,23,10,0.02,115,108,10,6,10,6,10,3,0.09259259259259259,0.05555555555555555,0.6,-1.5,0.0,0.0,4.5,23.4
development,pulse,quadratic,23,10,0.1,115,108,14,10,14,10,14,1,0.12962962962962962,0.09259259259259259,0.7142857142857143,0.0,0.0,0.0,3.0,16.00000000000001
development,pulse,quadratic,23,10,0.2,115,108,29,20,29,20,29,1,0.26851851851851855,0.18518518518518517,0.6896551724137931,1.0,1.90335169090172e-05,-0.00243365501992887,4.0,9.0
development,pulse,quadratic,23,25,0.02,115,106,13,0,13,0,13,2,0.12264150943396226,0.0,0.0,8.0,0.000385497679958213,-0.0393070716391497,8.0,11.8
development,pulse,quadratic,23,25,0.1,115,106,31,7,29,7,31,1,0.29245283018867924,0.0660377358490566,0.22580645161290322,8.0,0.00192197591742937,-0.211331604194198,8.0,13.0
development,pulse,quadratic,23,25,0.2,115,106,39,8,35,8,39,0,0.36792452830188677,0.07547169811320754,0.20512820512820512,8.0,0.00385362779065823,-0.460750009853816,8.0,13.200000000000003
development,pulse,quadratic,7,10,0.02,115,108,15,13,15,13,15,1,0.1388888888888889,0.12037037037037036,0.8666666666666667,0.0,0.0,0.0,3.0,6.799999999999999
development,pulse,quadratic,7,10,0.1,115,108,45,37,44,37,45,0,0.4166666666666667,0.3425925925925926,0.8222222222222222,2.0,0.000510172331448233,-0.0562548753612502,2.0,7.0
development,pulse,quadratic,7,10,0.2,115,108,50,45,47,44,50,0,0.46296296296296297,0.4166666666666667,0.9,2.0,0.00101110926377135,-0.122352898968003,2.0,5.100000000000001
development,pulse,quadratic,7,25,0.02,115,106,16,12,16,12,16,0,0.1509433962264151,0.11320754716981132,0.75,1.0,2.03786902638337e-05,-0.0020424743805980148,2.0,8.5
development,pulse,quadratic,7,25,0.1,115,106,41,37,41,37,41,0,0.3867924528301887,0.3490566037735849,0.9024390243902439,2.0,0.000499082985582433,-0.0517763140509775,2.0,5.0
development,pulse,quadratic,7,25,0.2,115,106,45,42,43,41,45,0,0.42452830188679247,0.39622641509433965,0.9333333333333333,2.0,0.00100626272440052,-0.105343225055687,2.0,4.200000000000003
development,rising,exponential,23,10,0.02,115,108,19,9,19,9,19,5,0.17592592592592593,0.08333333333333333,0.47368421052631576,-5.0,0.0,0.0,7.0,18.199999999999996
development,rising,exponential,23,10,0.1,115,108,45,36,42,36,45,0,0.4166666666666667,0.3333333333333333,0.8,-2.0,0.0,0.0,3.0,8.0
development,rising,exponential,23,10,0.2,115,108,48,42,45,41,48,0,0.4444444444444444,0.3888888888888889,0.875,-2.0,0.0,0.0,2.0,6.0
development,rising,exponential,23,25,0.02,115,106,15,4,14,4,15,3,0.14150943396226415,0.03773584905660377,0.26666666666666666,-7.0,0.0,0.0,8.0,14.0
development,rising,exponential,23,25,0.1,115,106,30,10,30,10,30,1,0.2830188679245283,0.09433962264150944,0.3333333333333333,-7.0,0.0,0.0,7.0,12.100000000000001
development,rising,exponential,23,25,0.2,115,106,36,11,36,11,36,1,0.33962264150943394,0.10377358490566038,0.3055555555555556,-7.0,0.0,0.0,7.0,10.0
development,rising,exponential,7,10,0.02,115,108,20,7,20,7,20,4,0.18518518518518517,0.06481481481481481,0.35,-6.5,0.0,0.0,7.5,17.60000000000001
development,rising,exponential,7,10,0.1,115,108,44,29,42,28,44,0,0.4074074074074074,0.26851851851851855,0.6590909090909091,-5.0,0.0,0.0,5.0,8.700000000000003
development,rising,exponential,7,10,0.2,115,108,48,37,48,37,48,0,0.4444444444444444,0.3425925925925926,0.7708333333333334,-5.0,0.0,0.0,5.0,7.0
development,rising,exponential,7,25,0.02,115,106,6,1,5,1,6,3,0.05660377358490566,0.009433962264150943,0.16666666666666666,-9.0,0.0,0.0,11.5,14.5
development,rising,exponential,7,25,0.1,115,106,3,0,3,0,3,1,0.02830188679245283,0.0,0.0,-9.0,0.0,0.0,9.0,13.0
development,rising,exponential,7,25,0.2,115,106,3,0,3,0,3,1,0.02830188679245283,0.0,0.0,-10.0,0.0,0.0,10.0,13.2
development,rising,gamma,23,10,0.02,115,108,18,9,18,9,18,5,0.16666666666666666,0.08333333333333333,0.5,-3.5,0.0,0.0,5.5,18.800000000000004
development,rising,gamma,23,10,0.1,115,108,45,36,42,36,45,0,0.4166666666666667,0.3333333333333333,0.8,-2.0,0.0,0.0,2.0,8.0
development,rising,gamma,23,10,0.2,115,108,49,43,47,43,49,0,0.4537037037037037,0.39814814814814814,0.8775510204081632,-2.0,0.0,0.0,2.0,6.0
development,rising,gamma,23,25,0.02,115,106,14,4,14,4,14,2,0.1320754716981132,0.03773584905660377,0.2857142857142857,-7.0,0.0,0.0,8.0,13.400000000000002
development,rising,gamma,23,25,0.1,115,106,30,10,30,10,30,1,0.2830188679245283,0.09433962264150944,0.3333333333333333,-7.0,0.0,0.0,7.0,12.100000000000001
development,rising,gamma,23,25,0.2,115,106,36,11,36,11,36,1,0.33962264150943394,0.10377358490566038,0.3055555555555556,-7.0,0.0,0.0,7.0,10.0
development,rising,gamma,7,10,0.02,115,108,18,2,18,2,18,3,0.16666666666666666,0.018518518518518517,0.1111111111111111,-7.0,0.0,0.0,7.0,18.800000000000004
development,rising,gamma,7,10,0.1,115,108,36,9,36,9,36,0,0.3333333333333333,0.08333333333333333,0.25,-6.0,0.0,0.0,6.0,10.5
development,rising,gamma,7,10,0.2,115,108,48,13,48,13,48,0,0.4444444444444444,0.12037037037037036,0.2708333333333333,-6.0,0.0,0.0,6.0,8.300000000000004
development,rising,gamma,7,25,0.02,115,106,6,1,4,1,6,3,0.05660377358490566,0.009433962264150943,0.16666666666666666,-5.0,0.0,0.0,13.5,19.0
development,rising,gamma,7,25,0.1,115,106,3,0,3,0,3,1,0.02830188679245283,0.0,0.0,-10.0,0.0,0.0,10.0,13.2
development,rising,gamma,7,25,0.2,115,106,0,0,0,0,0,0,0.0,0.0,nan,nan,nan,nan,nan,nan
development,rising,quadratic,23,10,0.02,115,108,14,2,14,2,14,6,0.12962962962962962,0.018518518518518517,0.14285714285714285,-4.0,0.0,0.0,8.5,21.500000000000007
development,rising,quadratic,23,10,0.1,115,108,25,17,25,17,25,4,0.23148148148148148,0.1574074074074074,0.68,3.0,0.000129631645189532,-0.0141291154320822,5.0,10.600000000000001
development,rising,quadratic,23,10,0.2,115,108,45,27,45,27,45,1,0.4166666666666667,0.25,0.6,5.0,0.0010301054798556,-0.120455878116021,5.0,9.0
development,rising,quadratic,23,25,0.02,115,106,22,11,22,11,22,4,0.20754716981132076,0.10377358490566038,0.5,5.0,0.0001039604552135475,-0.0106050492154175,5.5,14.0
development,rising,quadratic,23,25,0.1,115,106,39,21,35,21,39,0,0.36792452830188677,0.19811320754716982,0.5384615384615384,5.0,0.000519844595273433,-0.0571520210212118,5.0,13.400000000000006
development,rising,quadratic,23,25,0.2,115,106,47,24,43,24,47,0,0.44339622641509435,0.22641509433962265,0.5106382978723404,5.0,0.00105615229109679,-0.128156673111679,5.0,11.799999999999997
development,rising,quadratic,7,10,0.02,115,108,21,11,21,11,21,4,0.19444444444444445,0.10185185185185185,0.5238095238095238,-5.0,0.0,0.0,5.0,17.0
development,rising,quadratic,7,10,0.1,115,108,46,40,45,40,46,1,0.42592592592592593,0.37037037037037035,0.8695652173913043,-1.0,0.0,0.0,2.0,7.0
development,rising,quadratic,7,10,0.2,115,108,50,47,49,46,50,0,0.46296296296296297,0.4351851851851852,0.94,-1.0,0.0,0.0,1.0,4.0
development,rising,quadratic,7,25,0.02,115,106,6,1,6,1,6,2,0.05660377358490566,0.009433962264150943,0.16666666666666666,-9.0,0.0,0.0,11.5,14.0
development,rising,quadratic,7,25,0.1,115,106,3,0,3,0,3,1,0.02830188679245283,0.0,0.0,-9.0,0.0,0.0,9.0,13.0
development,rising,quadratic,7,25,0.2,115,106,0,0,0,0,0,0,0.0,0.0,nan,nan,nan,nan,nan,nan
development,selection,exponential,23,10,0.02,115,108,20,13,20,13,20,5,0.18518518518518517,0.12037037037037036,0.65,-3.0,0.0,0.0,3.5,17.60000000000001
development,selection,exponential,23,10,0.1,115,108,45,37,42,37,45,0,0.4166666666666667,0.3425925925925926,0.8222222222222222,-2.0,0.0,0.0,3.0,7.600000000000001
development,selection,exponential,23,10,0.2,115,108,48,43,45,42,48,0,0.4444444444444444,0.39814814814814814,0.8958333333333334,-2.0,0.0,0.0,2.5,5.300000000000004
development,selection,exponential,23,25,0.02,115,106,17,8,17,8,17,3,0.16037735849056603,0.07547169811320754,0.47058823529411764,-5.0,0.0,0.0,7.0,14.0
development,selection,exponential,23,25,0.1,115,106,32,24,31,24,32,0,0.3018867924528302,0.22641509433962265,0.75,-3.0,0.0,0.0,3.0,9.0
development,selection,exponential,23,25,0.2,115,106,40,34,40,34,40,0,0.37735849056603776,0.32075471698113206,0.85,-3.0,0.0,0.0,3.0,8.100000000000001
development,selection,exponential,7,10,0.02,115,108,21,12,21,12,21,2,0.19444444444444445,0.1111111111111111,0.5714285714285714,-5.0,0.0,0.0,5.0,17.0
development,selection,exponential,7,10,0.1,115,108,44,37,42,36,44,0,0.4074074074074074,0.3425925925925926,0.8409090909090909,-1.0,0.0,0.0,1.0,8.0
development,selection,exponential,7,10,0.2,115,108,48,44,47,43,48,1,0.4444444444444444,0.4074074074074074,0.9166666666666666,-1.0,0.0,0.0,1.0,5.0
development,selection,exponential,7,25,0.02,115,106,16,8,15,8,16,4,0.1509433962264151,0.07547169811320754,0.5,-3.0,0.0,0.0,5.5,13.5
development,selection,exponential,7,25,0.1,115,106,38,35,38,35,38,1,0.3584905660377358,0.330188679245283,0.9210526315789473,-1.0,0.0,0.0,1.0,4.0
development,selection,exponential,7,25,0.2,115,106,44,41,43,41,44,0,0.41509433962264153,0.3867924528301887,0.9318181818181818,-1.0,0.0,0.0,1.0,3.700000000000003
development,selection,gamma,23,10,0.02,115,108,20,13,20,13,20,5,0.18518518518518517,0.12037037037037036,0.65,-3.0,0.0,0.0,4.0,17.60000000000001
development,selection,gamma,23,10,0.1,115,108,45,37,42,37,45,0,0.4166666666666667,0.3425925925925926,0.8222222222222222,-2.0,0.0,0.0,3.0,7.600000000000001
development,selection,gamma,23,10,0.2,115,108,48,42,46,42,48,0,0.4444444444444444,0.3888888888888889,0.875,-1.0,0.0,0.0,2.0,6.0
development,selection,gamma,23,25,0.02,115,106,17,8,17,8,17,3,0.16037735849056603,0.07547169811320754,0.47058823529411764,-4.0,0.0,0.0,6.0,14.0
development,selection,gamma,23,25,0.1,115,106,34,26,33,26,34,0,0.32075471698113206,0.24528301886792453,0.7647058823529411,-3.0,0.0,0.0,3.0,9.0
development,selection,gamma,23,25,0.2,115,106,40,33,40,33,40,0,0.37735849056603776,0.3113207547169811,0.825,-2.0,0.0,0.0,2.0,8.100000000000001
development,selection,gamma,7,10,0.02,115,108,21,11,21,11,21,2,0.19444444444444445,0.10185185185185185,0.5238095238095238,-3.0,0.0,0.0,3.0,17.0
development,selection,gamma,7,10,0.1,115,108,41,35,41,35,41,1,0.37962962962962965,0.32407407407407407,0.8536585365853658,-1.0,0.0,0.0,1.0,7.0
development,selection,gamma,7,10,0.2,115,108,50,44,49,43,50,1,0.46296296296296297,0.4074074074074074,0.88,-1.0,0.0,0.0,1.0,6.0
development,selection,gamma,7,25,0.02,115,106,14,8,13,8,14,2,0.1320754716981132,0.07547169811320754,0.5714285714285714,-1.0,0.0,0.0,2.5,13.700000000000001
development,selection,gamma,7,25,0.1,115,106,37,34,37,34,37,2,0.3490566037735849,0.32075471698113206,0.918918918918919,-1.0,0.0,0.0,1.0,4.0
development,selection,gamma,7,25,0.2,115,106,42,40,42,40,42,0,0.39622641509433965,0.37735849056603776,0.9523809523809523,-1.0,0.0,0.0,1.0,3.0
development,selection,quadratic,23,10,0.02,115,108,13,3,13,3,13,7,0.12037037037037036,0.027777777777777776,0.23076923076923078,0.0,0.0,0.0,8.0,26.200000000000003
development,selection,quadratic,23,10,0.1,115,108,24,17,24,17,24,5,0.2222222222222222,0.1574074074074074,0.7083333333333334,0.5,4.72578549259861e-06,-0.00050788661665191,4.0,9.7
development,selection,quadratic,23,10,0.2,115,108,43,26,43,26,43,1,0.39814814814814814,0.24074074074074073,0.6046511627906976,3.0,0.000261649466126945,-0.0302408027445411,5.0,9.0
development,selection,quadratic,23,25,0.02,115,106,22,3,22,3,22,4,0.20754716981132076,0.02830188679245283,0.13636363636363635,7.0,0.00026564694038033753,-0.02755656679388485,8.0,14.0
development,selection,quadratic,23,25,0.1,115,106,38,12,35,12,38,0,0.3584905660377358,0.11320754716981132,0.3157894736842105,7.0,0.0013190387230222998,-0.15020868312573,7.5,13.0
development,selection,quadratic,23,25,0.2,115,106,47,14,42,14,47,0,0.44339622641509435,0.1320754716981132,0.2978723404255319,7.0,0.00265824108274315,-0.331503521684229,7.0,13.0
development,selection,quadratic,7,10,0.02,115,108,22,14,22,14,22,5,0.2037037037037037,0.12962962962962962,0.6363636363636364,-3.5,0.0,0.0,4.0,17.0
development,selection,quadratic,7,10,0.1,115,108,46,39,45,39,46,1,0.42592592592592593,0.3611111111111111,0.8478260869565217,2.0,0.00049922205302666,-0.055382046817087346,2.0,7.0
development,selection,quadratic,7,10,0.2,115,108,50,46,48,45,50,0,0.46296296296296297,0.42592592592592593,0.92,2.0,0.00101110926377135,-0.1223319672962405,2.0,4.100000000000001
development,selection,quadratic,7,25,0.02,115,106,18,12,18,12,18,1,0.16981132075471697,0.11320754716981132,0.6666666666666666,1.0,2.03786902638337e-05,-0.0020424743805980148,2.0,11.200000000000003
development,selection,quadratic,7,25,0.1,115,106,41,37,41,37,41,1,0.3867924528301887,0.3490566037735849,0.9024390243902439,2.0,0.000499082985582433,-0.0517763140509775,2.0,5.0
development,selection,quadratic,7,25,0.2,115,106,45,42,43,41,45,1,0.42452830188679247,0.39622641509433965,0.9333333333333333,2.0,0.00100626272440052,-0.105343225055687,2.0,4.200000000000003
noiseless,pulse,exponential,23,10,0.02,1,1,1,1,1,1,1,0,1.0,1.0,1.0,-3.0,0.0,0.0,3.0,3.0
noiseless,pulse,exponential,23,10,0.1,1,1,1,1,1,1,1,0,1.0,1.0,1.0,-3.0,0.0,0.0,3.0,3.0
noiseless,pulse,exponential,23,10,0.2,1,1,1,1,1,1,1,0,1.0,1.0,1.0,-3.0,0.0,0.0,3.0,3.0
noiseless,pulse,exponential,23,25,0.02,1,1,1,1,1,1,1,0,1.0,1.0,1.0,-4.0,0.0,0.0,4.0,4.0
noiseless,pulse,exponential,23,25,0.1,1,1,1,1,1,1,1,0,1.0,1.0,1.0,-4.0,0.0,0.0,4.0,4.0
noiseless,pulse,exponential,23,25,0.2,1,1,1,1,1,1,1,0,1.0,1.0,1.0,-4.0,0.0,0.0,4.0,4.0
noiseless,pulse,exponential,7,10,0.02,1,1,1,1,1,1,1,0,1.0,1.0,1.0,-1.0,0.0,0.0,1.0,1.0
noiseless,pulse,exponential,7,10,0.1,1,1,1,1,1,1,1,0,1.0,1.0,1.0,-1.0,0.0,0.0,1.0,1.0
noiseless,pulse,exponential,7,10,0.2,1,1,1,1,1,1,1,0,1.0,1.0,1.0,-1.0,0.0,0.0,1.0,1.0
noiseless,pulse,exponential,7,25,0.02,1,1,1,1,1,1,1,0,1.0,1.0,1.0,-1.0,0.0,0.0,1.0,1.0
noiseless,pulse,exponential,7,25,0.1,1,1,1,1,1,1,1,0,1.0,1.0,1.0,-1.0,0.0,0.0,1.0,1.0
noiseless,pulse,exponential,7,25,0.2,1,1,1,1,1,1,1,0,1.0,1.0,1.0,-1.0,0.0,0.0,1.0,1.0
noiseless,pulse,gamma,23,10,0.02,1,1,1,1,1,1,1,0,1.0,1.0,1.0,-3.0,0.0,0.0,3.0,3.0
noiseless,pulse,gamma,23,10,0.1,1,1,1,1,1,1,1,0,1.0,1.0,1.0,-3.0,0.0,0.0,3.0,3.0
noiseless,pulse,gamma,23,10,0.2,1,1,1,1,1,1,1,0,1.0,1.0,1.0,-3.0,0.0,0.0,3.0,3.0
noiseless,pulse,gamma,23,25,0.02,1,1,1,1,1,1,1,0,1.0,1.0,1.0,-4.0,0.0,0.0,4.0,4.0
noiseless,pulse,gamma,23,25,0.1,1,1,1,1,1,1,1,0,1.0,1.0,1.0,-4.0,0.0,0.0,4.0,4.0
noiseless,pulse,gamma,23,25,0.2,1,1,1,1,1,1,1,0,1.0,1.0,1.0,-4.0,0.0,0.0,4.0,4.0
noiseless,pulse,gamma,7,10,0.02,1,1,1,1,1,1,1,0,1.0,1.0,1.0,-1.0,0.0,0.0,1.0,1.0
noiseless,pulse,gamma,7,10,0.1,1,1,1,1,1,1,1,0,1.0,1.0,1.0,-1.0,0.0,0.0,1.0,1.0
noiseless,pulse,gamma,7,10,0.2,1,1,1,1,1,1,1,0,1.0,1.0,1.0,-1.0,0.0,0.0,1.0,1.0
noiseless,pulse,gamma,7,25,0.02,1,1,1,1,1,1,1,0,1.0,1.0,1.0,-1.0,0.0,0.0,1.0,1.0
noiseless,pulse,gamma,7,25,0.1,1,1,1,1,1,1,1,0,1.0,1.0,1.0,-1.0,0.0,0.0,1.0,1.0
noiseless,pulse,gamma,7,25,0.2,1,1,1,1,1,1,1,0,1.0,1.0,1.0,-1.0,0.0,0.0,1.0,1.0
noiseless,pulse,quadratic,23,10,0.02,1,1,1,1,1,1,1,0,1.0,1.0,1.0,0.0,0.0,0.0,0.0,0.0
noiseless,pulse,quadratic,23,10,0.1,1,1,1,1,1,1,1,0,1.0,1.0,1.0,0.0,0.0,0.0,0.0,0.0
noiseless,pulse,quadratic,23,10,0.2,1,1,1,1,1,1,1,0,1.0,1.0,1.0,0.0,0.0,0.0,0.0,0.0
noiseless,pulse,quadratic,23,25,0.02,1,1,1,0,1,0,1,0,1.0,0.0,0.0,6.0,0.000172022684310047,-0.0175432959547583,6.0,6.0
noiseless,pulse,quadratic,23,25,0.1,1,1,1,0,1,0,1,0,1.0,0.0,0.0,6.0,0.000860113421550013,-0.0945311688434147,6.0,6.0
noiseless,pulse,quadratic,23,25,0.2,1,1,1,0,1,0,1,0,1.0,0.0,0.0,6.0,0.00172022684310003,-0.206072729331375,6.0,6.0
noiseless,pulse,quadratic,7,10,0.02,1,1,1,1,1,1,1,0,1.0,1.0,1.0,2.0,0.000102040816326587,-0.0104071013161899,2.0,2.0
noiseless,pulse,quadratic,7,10,0.1,1,1,1,1,1,1,1,0,1.0,1.0,1.0,2.0,0.000510204081632715,-0.0560938296787272,2.0,2.0
noiseless,pulse,quadratic,7,10,0.2,1,1,1,1,1,1,1,0,1.0,1.0,1.0,2.0,0.00102040816326543,-0.122324159021403,2.0,2.0
noiseless,pulse,quadratic,7,25,0.02,1,1,1,1,1,1,1,0,1.0,1.0,1.0,2.0,0.000102040816326587,-0.010240521063043,2.0,2.0
noiseless,pulse,quadratic,7,25,0.1,1,1,1,1,1,1,1,0,1.0,1.0,1.0,2.0,0.000510204081632715,-0.0519310222814262,2.0,2.0
noiseless,pulse,quadratic,7,25,0.2,1,1,1,1,1,1,1,0,1.0,1.0,1.0,2.0,0.00102040816326543,-0.10568141629741,2.0,2.0
noiseless,rising,exponential,23,10,0.02,1,1,1,1,1,1,1,0,1.0,1.0,1.0,-2.0,0.0,0.0,2.0,2.0
noiseless,rising,exponential,23,10,0.1,1,1,1,1,1,1,1,0,1.0,1.0,1.0,-2.0,0.0,0.0,2.0,2.0
noiseless,rising,exponential,23,10,0.2,1,1,1,1,1,1,1,0,1.0,1.0,1.0,-2.0,0.0,0.0,2.0,2.0
noiseless,rising,exponential,23,25,0.02,1,1,1,0,1,0,1,0,1.0,0.0,0.0,-7.0,0.0,0.0,7.0,7.0
noiseless,rising,exponential,23,25,0.1,1,1,1,0,1,0,1,0,1.0,0.0,0.0,-7.0,0.0,0.0,7.0,7.0
noiseless,rising,exponential,23,25,0.2,1,1,1,0,1,0,1,0,1.0,0.0,0.0,-7.0,0.0,0.0,7.0,7.0
noiseless,rising,exponential,7,10,0.02,1,1,1,1,1,1,1,0,1.0,1.0,1.0,-5.0,0.0,0.0,5.0,5.0
noiseless,rising,exponential,7,10,0.1,1,1,1,1,1,1,1,0,1.0,1.0,1.0,-5.0,0.0,0.0,5.0,5.0
noiseless,rising,exponential,7,10,0.2,1,1,1,1,1,1,1,0,1.0,1.0,1.0,-5.0,0.0,0.0,5.0,5.0
noiseless,rising,exponential,7,25,0.02,1,1,0,0,0,0,0,0,0.0,0.0,nan,nan,nan,nan,nan,nan
noiseless,rising,exponential,7,25,0.1,1,1,0,0,0,0,0,0,0.0,0.0,nan,nan,nan,nan,nan,nan
noiseless,rising,exponential,7,25,0.2,1,1,0,0,0,0,0,0,0.0,0.0,nan,nan,nan,nan,nan,nan
noiseless,rising,gamma,23,10,0.02,1,1,1,1,1,1,1,0,1.0,1.0,1.0,-2.0,0.0,0.0,2.0,2.0
noiseless,rising,gamma,23,10,0.1,1,1,1,1,1,1,1,0,1.0,1.0,1.0,-2.0,0.0,0.0,2.0,2.0
noiseless,rising,gamma,23,10,0.2,1,1,1,1,1,1,1,0,1.0,1.0,1.0,-2.0,0.0,0.0,2.0,2.0
noiseless,rising,gamma,23,25,0.02,1,1,1,0,1,0,1,0,1.0,0.0,0.0,-7.0,0.0,0.0,7.0,7.0
noiseless,rising,gamma,23,25,0.1,1,1,1,0,1,0,1,0,1.0,0.0,0.0,-7.0,0.0,0.0,7.0,7.0
noiseless,rising,gamma,23,25,0.2,1,1,1,0,1,0,1,0,1.0,0.0,0.0,-7.0,0.0,0.0,7.0,7.0
noiseless,rising,gamma,7,10,0.02,1,1,1,0,1,0,1,0,1.0,0.0,0.0,-6.0,0.0,0.0,6.0,6.0
noiseless,rising,gamma,7,10,0.1,1,1,1,0,1,0,1,0,1.0,0.0,0.0,-6.0,0.0,0.0,6.0,6.0
noiseless,rising,gamma,7,10,0.2,1,1,1,0,1,0,1,0,1.0,0.0,0.0,-6.0,0.0,0.0,6.0,6.0
noiseless,rising,gamma,7,25,0.02,1,1,0,0,0,0,0,0,0.0,0.0,nan,nan,nan,nan,nan,nan
noiseless,rising,gamma,7,25,0.1,1,1,0,0,0,0,0,0,0.0,0.0,nan,nan,nan,nan,nan,nan
noiseless,rising,gamma,7,25,0.2,1,1,0,0,0,0,0,0,0.0,0.0,nan,nan,nan,nan,nan,nan
noiseless,rising,quadratic,23,10,0.02,1,1,1,1,1,1,1,0,1.0,1.0,1.0,5.0,0.000103969754253308,-0.0106038124580543,5.0,5.0
noiseless,rising,quadratic,23,10,0.1,1,1,1,1,1,1,1,0,1.0,1.0,1.0,5.0,0.00051984877126654,-0.05715365358272,5.0,5.0
noiseless,rising,quadratic,23,10,0.2,1,1,1,1,1,1,1,0,1.0,1.0,1.0,5.0,0.00103969754253308,-0.124634123312251,5.0,5.0
noiseless,rising,quadratic,23,25,0.02,1,1,1,1,1,1,1,0,1.0,1.0,1.0,5.0,0.000103969754253308,-0.0106038124580543,5.0,5.0
noiseless,rising,quadratic,23,25,0.1,1,1,1,1,1,1,1,0,1.0,1.0,1.0,5.0,0.00051984877126654,-0.05715365358272,5.0,5.0
noiseless,rising,quadratic,23,25,0.2,1,1,1,1,1,1,1,0,1.0,1.0,1.0,5.0,0.00103969754253308,-0.124634123312251,5.0,5.0
noiseless,rising,quadratic,7,10,0.02,1,1,1,1,1,1,1,0,1.0,1.0,1.0,-1.0,0.0,0.0,1.0,1.0
noiseless,rising,quadratic,7,10,0.1,1,1,1,1,1,1,1,0,1.0,1.0,1.0,-1.0,0.0,0.0,1.0,1.0
noiseless,rising,quadratic,7,10,0.2,1,1,1,1,1,1,1,0,1.0,1.0,1.0,-1.0,0.0,0.0,1.0,1.0
noiseless,rising,quadratic,7,25,0.02,1,1,0,0,0,0,0,0,0.0,0.0,nan,nan,nan,nan,nan,nan
noiseless,rising,quadratic,7,25,0.1,1,1,0,0,0,0,0,0,0.0,0.0,nan,nan,nan,nan,nan,nan
noiseless,rising,quadratic,7,25,0.2,1,1,0,0,0,0,0,0,0.0,0.0,nan,nan,nan,nan,nan,nan
noiseless,selection,exponential,23,10,0.02,1,1,1,1,1,1,1,0,1.0,1.0,1.0,-3.0,0.0,0.0,3.0,3.0
noiseless,selection,exponential,23,10,0.1,1,1,1,1,1,1,1,0,1.0,1.0,1.0,-3.0,0.0,0.0,3.0,3.0
noiseless,selection,exponential,23,10,0.2,1,1,1,1,1,1,1,0,1.0,1.0,1.0,-3.0,0.0,0.0,3.0,3.0
noiseless,selection,exponential,23,25,0.02,1,1,1,1,1,1,1,0,1.0,1.0,1.0,-4.0,0.0,0.0,4.0,4.0
noiseless,selection,exponential,23,25,0.1,1,1,1,1,1,1,1,0,1.0,1.0,1.0,-4.0,0.0,0.0,4.0,4.0
noiseless,selection,exponential,23,25,0.2,1,1,1,1,1,1,1,0,1.0,1.0,1.0,-4.0,0.0,0.0,4.0,4.0
noiseless,selection,exponential,7,10,0.02,1,1,1,1,1,1,1,0,1.0,1.0,1.0,-1.0,0.0,0.0,1.0,1.0
noiseless,selection,exponential,7,10,0.1,1,1,1,1,1,1,1,0,1.0,1.0,1.0,-1.0,0.0,0.0,1.0,1.0
noiseless,selection,exponential,7,10,0.2,1,1,1,1,1,1,1,0,1.0,1.0,1.0,-1.0,0.0,0.0,1.0,1.0
noiseless,selection,exponential,7,25,0.02,1,1,1,1,1,1,1,0,1.0,1.0,1.0,-1.0,0.0,0.0,1.0,1.0
noiseless,selection,exponential,7,25,0.1,1,1,1,1,1,1,1,0,1.0,1.0,1.0,-1.0,0.0,0.0,1.0,1.0
noiseless,selection,exponential,7,25,0.2,1,1,1,1,1,1,1,0,1.0,1.0,1.0,-1.0,0.0,0.0,1.0,1.0
noiseless,selection,gamma,23,10,0.02,1,1,1,1,1,1,1,0,1.0,1.0,1.0,-3.0,0.0,0.0,3.0,3.0
noiseless,selection,gamma,23,10,0.1,1,1,1,1,1,1,1,0,1.0,1.0,1.0,-3.0,0.0,0.0,3.0,3.0
noiseless,selection,gamma,23,10,0.2,1,1,1,1,1,1,1,0,1.0,1.0,1.0,-3.0,0.0,0.0,3.0,3.0
noiseless,selection,gamma,23,25,0.02,1,1,1,1,1,1,1,0,1.0,1.0,1.0,-4.0,0.0,0.0,4.0,4.0
noiseless,selection,gamma,23,25,0.1,1,1,1,1,1,1,1,0,1.0,1.0,1.0,-4.0,0.0,0.0,4.0,4.0
noiseless,selection,gamma,23,25,0.2,1,1,1,1,1,1,1,0,1.0,1.0,1.0,-4.0,0.0,0.0,4.0,4.0
noiseless,selection,gamma,7,10,0.02,1,1,1,1,1,1,1,0,1.0,1.0,1.0,-1.0,0.0,0.0,1.0,1.0
noiseless,selection,gamma,7,10,0.1,1,1,1,1,1,1,1,0,1.0,1.0,1.0,-1.0,0.0,0.0,1.0,1.0
noiseless,selection,gamma,7,10,0.2,1,1,1,1,1,1,1,0,1.0,1.0,1.0,-1.0,0.0,0.0,1.0,1.0
noiseless,selection,gamma,7,25,0.02,1,1,1,1,1,1,1,0,1.0,1.0,1.0,-1.0,0.0,0.0,1.0,1.0
noiseless,selection,gamma,7,25,0.1,1,1,1,1,1,1,1,0,1.0,1.0,1.0,-1.0,0.0,0.0,1.0,1.0
noiseless,selection,gamma,7,25,0.2,1,1,1,1,1,1,1,0,1.0,1.0,1.0,-1.0,0.0,0.0,1.0,1.0
noiseless,selection,quadratic,23,10,0.02,1,1,1,1,1,1,1,0,1.0,1.0,1.0,0.0,0.0,0.0,0.0,0.0
noiseless,selection,quadratic,23,10,0.1,1,1,1,1,1,1,1,0,1.0,1.0,1.0,0.0,0.0,0.0,0.0,0.0
noiseless,selection,quadratic,23,10,0.2,1,1,1,1,1,1,1,0,1.0,1.0,1.0,0.0,0.0,0.0,0.0,0.0
noiseless,selection,quadratic,23,25,0.02,1,1,1,0,1,0,1,0,1.0,0.0,0.0,6.0,0.000172022684310047,-0.0175432959547583,6.0,6.0
noiseless,selection,quadratic,23,25,0.1,1,1,1,0,1,0,1,0,1.0,0.0,0.0,6.0,0.000860113421550013,-0.0945311688434147,6.0,6.0
noiseless,selection,quadratic,23,25,0.2,1,1,1,0,1,0,1,0,1.0,0.0,0.0,6.0,0.00172022684310003,-0.206072729331375,6.0,6.0
noiseless,selection,quadratic,7,10,0.02,1,1,1,1,1,1,1,0,1.0,1.0,1.0,2.0,0.000102040816326587,-0.0104071013161899,2.0,2.0
noiseless,selection,quadratic,7,10,0.1,1,1,1,1,1,1,1,0,1.0,1.0,1.0,2.0,0.000510204081632715,-0.0560938296787272,2.0,2.0
noiseless,selection,quadratic,7,10,0.2,1,1,1,1,1,1,1,0,1.0,1.0,1.0,2.0,0.00102040816326543,-0.122324159021403,2.0,2.0
noiseless,selection,quadratic,7,25,0.02,1,1,1,1,1,1,1,0,1.0,1.0,1.0,2.0,0.000102040816326587,-0.010240521063043,2.0,2.0
noiseless,selection,quadratic,7,25,0.1,1,1,1,1,1,1,1,0,1.0,1.0,1.0,2.0,0.000510204081632715,-0.0519310222814262,2.0,2.0
noiseless,selection,quadratic,7,25,0.2,1,1,1,1,1,1,1,0,1.0,1.0,1.0,2.0,0.00102040816326543,-0.10568141629741,2.0,2.0
