Session,Component,EventIndex,Frame,Source,Observed,PreNativeBlocked,NativeStart,NativeEnd,TruthStart,Onset,ReferenceMean
M400-01-baseline-awake,1,11,39,120.46835677276091,120.46835677276091,0,104,124,101,NaN,NaN
M400-01-baseline-awake,1,11,40,122.4061806069578,122.4061806069578,0,104,124,101,NaN,NaN
M400-01-baseline-awake,1,11,41,124.55773501110289,124.55773501110289,0,104,124,101,NaN,NaN
M400-01-baseline-awake,1,11,42,125.84437453737972,125.84437453737972,0,104,124,101,NaN,NaN
M400-01-baseline-awake,1,11,43,123.53978534418948,123.53978534418948,0,104,124,101,NaN,NaN
M400-01-baseline-awake,1,11,44,122.71946706143598,122.71946706143598,0,104,124,101,NaN,NaN
M400-01-baseline-awake,1,11,45,120.27627683197632,120.27627683197632,0,104,124,101,NaN,NaN
M400-01-baseline-awake,1,11,46,120.13860103626943,120.13860103626943,0,104,124,101,NaN,NaN
M400-01-baseline-awake,1,11,47,121.70669874167284,121.70669874167284,0,104,124,101,NaN,NaN
M400-01-baseline-awake,1,11,48,123.91654330125833,123.91654330125833,0,104,124,101,NaN,NaN
M400-01-baseline-awake,1,11,49,125.19245003700962,125.19245003700962,0,104,124,101,NaN,NaN
M400-01-baseline-awake,1,11,50,121.76813471502591,121.76813471502591,0,104,124,101,NaN,NaN
M400-01-baseline-awake,1,11,51,119.43837897853442,119.43837897853442,0,104,124,101,NaN,NaN
M400-01-baseline-awake,1,11,52,118.5618060695781,118.5618060695781,0,104,124,101,NaN,NaN
M400-01-baseline-awake,1,11,53,116.14248704663213,116.14248704663213,0,104,124,101,NaN,NaN
M400-01-baseline-awake,1,11,54,117.55051813471502,117.55051813471502,1,104,124,101,NaN,NaN
M400-01-baseline-awake,1,11,55,121.21983715766099,121.21983715766099,1,104,124,101,NaN,NaN
M400-01-baseline-awake,1,11,56,121.15840118430792,121.15840118430792,1,104,124,101,NaN,NaN
M400-01-baseline-awake,1,11,57,121.66099185788305,121.66099185788305,0,104,124,101,NaN,NaN
M400-01-baseline-awake,1,11,58,121.4859363434493,121.4859363434493,0,104,124,101,NaN,NaN
M400-01-baseline-awake,1,11,59,120.42061435973353,120.42061435973353,1,104,124,101,NaN,NaN
M400-01-baseline-awake,1,11,60,119.5379348630644,119.5379348630644,1,104,124,101,NaN,NaN
M400-01-baseline-awake,1,11,61,120.97631384159881,120.97631384159881,1,104,124,101,NaN,NaN
M400-01-baseline-awake,1,11,62,120.46428571428571,120.46428571428571,1,104,124,101,NaN,NaN
M400-01-baseline-awake,1,11,63,120.50555144337528,120.50555144337528,1,104,124,101,NaN,NaN
M400-01-baseline-awake,1,11,64,121.56310140636566,121.56310140636566,0,104,124,101,NaN,NaN
M400-01-baseline-awake,1,11,65,119.06883789785344,119.06883789785344,0,104,124,101,NaN,NaN
M400-01-baseline-awake,1,11,66,122.3839748334567,122.3839748334567,0,104,124,101,NaN,NaN
M400-01-baseline-awake,1,11,67,120.97631384159881,120.97631384159881,0,104,124,101,NaN,NaN
M400-01-baseline-awake,1,11,68,120.32457438934122,120.32457438934122,0,104,124,101,NaN,NaN
M400-01-baseline-awake,1,11,69,121.17320503330866,121.17320503330866,0,104,124,101,NaN,NaN
M400-01-baseline-awake,1,11,70,122.59918578830496,122.59918578830496,1,104,124,101,NaN,NaN
M400-01-baseline-awake,1,11,71,123.01943005181347,123.01943005181347,1,104,124,101,NaN,NaN
M400-01-baseline-awake,1,11,72,120.99740932642487,120.99740932642487,1,104,124,101,NaN,NaN
M400-01-baseline-awake,1,11,73,121.269985196151,121.269985196151,1,104,124,101,NaN,NaN
M400-01-baseline-awake,1,11,74,122.26054774241302,122.26054774241302,1,104,124,101,NaN,NaN
M400-01-baseline-awake,1,11,75,123.70614359733531,123.70614359733531,1,104,124,101,NaN,NaN
M400-01-baseline-awake,1,11,76,124.23612139156181,124.23612139156181,1,104,124,101,NaN,NaN
M400-01-baseline-awake,1,11,77,124.41968911917098,124.41968911917098,1,104,124,101,NaN,NaN
M400-01-baseline-awake,1,11,78,123.3280903034789,123.3280903034789,0,104,124,101,NaN,NaN
M400-01-baseline-awake,1,11,79,123.68375277572169,123.68375277572169,1,104,124,101,NaN,NaN
M400-01-baseline-awake,1,11,80,122.130088823094,122.130088823094,1,104,124,101,NaN,NaN
M400-01-baseline-awake,1,11,81,123.20059215396003,123.20059215396003,1,104,124,101,NaN,NaN
M400-01-baseline-awake,1,11,82,128.21113989637306,128.21113989637306,1,104,124,101,NaN,NaN
M400-01-baseline-awake,1,11,83,128.7098445595855,128.7098445595855,1,104,124,101,NaN,NaN
M400-01-baseline-awake,1,11,84,127.33475203552923,127.33475203552923,1,104,124,101,NaN,NaN
M400-01-baseline-awake,1,11,85,126.23353071798668,126.23353071798668,1,104,124,101,NaN,NaN
M400-01-baseline-awake,1,11,86,127.41432272390821,127.41432272390821,0,104,124,101,NaN,NaN
M400-01-baseline-awake,1,11,87,127.5257216876388,127.5257216876388,0,104,124,101,NaN,NaN
M400-01-baseline-awake,1,11,88,126.4940784603997,126.4940784603997,0,104,124,101,NaN,NaN
M400-01-baseline-awake,1,11,89,127.27220577350111,127.27220577350111,0,104,124,101,NaN,NaN
M400-01-baseline-awake,1,11,90,129.35362694300517,129.35362694300517,0,104,124,101,NaN,NaN
M400-01-baseline-awake,1,11,91,129.06088082901553,129.06088082901553,0,104,124,101,NaN,NaN
M400-01-baseline-awake,1,11,92,128.68079200592155,128.68079200592155,0,104,124,101,NaN,NaN
M400-01-baseline-awake,1,11,93,127.980014803849,127.980014803849,0,104,124,101,NaN,NaN
M400-01-baseline-awake,1,11,94,127.95669874167284,127.95669874167284,0,104,124,101,NaN,NaN
M400-01-baseline-awake,1,11,95,128.29755736491487,128.29755736491487,0,104,124,101,NaN,NaN
M400-01-baseline-awake,1,11,96,126.78349370836418,126.78349370836418,0,104,124,101,NaN,NaN
M400-01-baseline-awake,1,11,97,127.66358253145818,127.66358253145818,0,104,124,101,NaN,NaN
M400-01-baseline-awake,1,11,98,126.01498889711326,126.01498889711326,0,104,124,101,NaN,NaN
M400-01-baseline-awake,1,11,99,126.31328645447816,126.31328645447816,0,104,124,101,NaN,NaN
M400-01-baseline-awake,1,11,100,126.58271650629163,126.58271650629163,0,104,124,101,NaN,NaN
M400-01-baseline-awake,1,11,101,126.93227239082161,127.0460769800148,0,104,124,101,NaN,NaN
M400-01-baseline-awake,1,11,102,128.25444115470023,128.68671354552183,0,104,124,101,NaN,NaN
M400-01-baseline-awake,1,11,103,128.32512953367876,129.28312361213915,0,104,124,101,NaN,NaN
M400-01-baseline-awake,1,11,104,125.83678756476684,127.53330866025166,0,104,124,101,NaN,NaN
M400-01-baseline-awake,1,11,105,126.389896373057,129.0344189489267,0,104,124,101,NaN,NaN
M400-01-baseline-awake,1,11,106,127.1759807549963,130.99925980754998,0,104,124,101,NaN,NaN
M400-01-baseline-awake,1,11,107,125.60177646188009,130.7018874907476,0,104,124,101,NaN,NaN
M400-01-baseline-awake,1,11,108,124.47131754256107,129.49870466321244,0,104,124,101,NaN,NaN
M400-01-baseline-awake,1,11,109,126.62250185048113,131.76313841598815,0,104,124,101,NaN,NaN
M400-01-baseline-awake,1,11,110,126.95762398223538,132.1099185788305,0,104,124,101,NaN,NaN
M400-01-baseline-awake,1,11,111,126.11324944485567,131.30162842339007,0,104,124,101,NaN,NaN
M400-01-baseline-awake,1,11,112,126.45429311621021,131.61658031088083,0,104,124,101,NaN,NaN
M400-01-baseline-awake,1,11,113,124.29052553663952,129.35695780903035,0,104,124,101,NaN,NaN
M400-01-baseline-awake,1,11,114,125.00962250185049,130.0782753515914,0,104,124,101,NaN,NaN
M400-01-baseline-awake,1,11,115,126.12176165803109,131.21946706143598,0,104,124,101,NaN,NaN
M400-01-baseline-awake,1,11,116,126.46076980014804,131.53867505551443,0,104,124,101,NaN,NaN
M400-01-baseline-awake,1,11,117,126.30773501110289,131.5457068837898,0,104,124,101,NaN,NaN
M400-01-baseline-awake,1,11,118,127.0257216876388,132.28886010362694,0,104,124,101,NaN,NaN
M400-01-baseline-awake,1,11,119,126.51943005181347,130.93967431532198,0,104,124,101,NaN,NaN
M400-01-baseline-awake,1,11,120,125.88323464100667,129.6299037749815,0,104,124,101,NaN,NaN
M400-01-baseline-awake,1,11,121,127.0980754996299,130.25499629903774,0,104,124,101,NaN,NaN
M400-01-baseline-awake,1,11,122,125.52220577350111,128.12231680236863,0,104,124,101,NaN,NaN
M400-01-baseline-awake,1,11,123,127.23112509252405,129.380458919319,0,104,124,101,NaN,NaN
M400-01-baseline-awake,1,11,124,127.53923019985196,129.2518504811251,0,104,124,101,NaN,NaN
M400-01-baseline-awake,1,11,125,124.92931162102147,126.21724648408586,0,104,124,101,NaN,NaN
M400-01-baseline-awake,1,11,126,126.0481125092524,127.00740192450037,0,104,124,101,NaN,NaN
M400-01-baseline-awake,1,11,127,127.2022575869726,127.86935603256846,0,104,124,101,NaN,NaN
M400-01-baseline-awake,1,11,128,126.44411547002221,126.87231680236862,0,104,124,101,NaN,NaN
M400-01-baseline-awake,1,11,129,126.58271650629163,126.81846780162843,0,104,124,101,NaN,NaN
M400-01-baseline-awake,2,28,150,132.1456603773585,132.1456603773585,0,215,226,201,NaN,NaN
M400-01-baseline-awake,2,28,151,130.84830188679246,130.84830188679246,0,215,226,201,NaN,NaN
M400-01-baseline-awake,2,28,152,131.86188679245282,131.86188679245282,0,215,226,201,NaN,NaN
M400-01-baseline-awake,2,28,153,130.6479245283019,130.6479245283019,0,215,226,201,NaN,NaN
M400-01-baseline-awake,2,28,154,131.9464150943396,131.9464150943396,0,215,226,201,NaN,NaN
M400-01-baseline-awake,2,28,155,130.8777358490566,130.8777358490566,1,215,226,201,NaN,NaN
M400-01-baseline-awake,2,28,156,127.07358490566038,127.07358490566038,1,215,226,201,NaN,NaN
M400-01-baseline-awake,2,28,157,127.94792452830188,127.94792452830188,1,215,226,201,NaN,NaN
M400-01-baseline-awake,2,28,158,130.99207547169812,130.99207547169812,1,215,226,201,NaN,NaN
M400-01-baseline-awake,2,28,159,129.23283018867926,129.23283018867926,1,215,226,201,NaN,NaN
M400-01-baseline-awake,2,28,160,129.87471698113208,129.87471698113208,1,215,226,201,NaN,NaN
M400-01-baseline-awake,2,28,161,128.72264150943397,128.72264150943397,1,215,226,201,NaN,NaN
M400-01-baseline-awake,2,28,162,130.43735849056603,130.43735849056603,1,215,226,201,NaN,NaN
M400-01-baseline-awake,2,28,163,130.08150943396225,130.08150943396225,1,215,226,201,NaN,NaN
M400-01-baseline-awake,2,28,164,128.43358490566038,128.43358490566038,1,215,226,201,NaN,NaN
M400-01-baseline-awake,2,28,165,131.16867924528302,131.16867924528302,1,215,226,201,NaN,NaN
M400-01-baseline-awake,2,28,166,130.1766037735849,130.1766037735849,1,215,226,201,NaN,NaN
M400-01-baseline-awake,2,28,167,130.59849056603773,130.59849056603773,1,215,226,201,NaN,NaN
M400-01-baseline-awake,2,28,168,129.82792452830188,129.82792452830188,1,215,226,201,NaN,NaN
M400-01-baseline-awake,2,28,169,130.4011320754717,130.4011320754717,1,215,226,201,NaN,NaN
M400-01-baseline-awake,2,28,170,130.23962264150944,130.23962264150944,1,215,226,201,NaN,NaN
M400-01-baseline-awake,2,28,171,128.7109433962264,128.7109433962264,1,215,226,201,NaN,NaN
M400-01-baseline-awake,2,28,172,130.6056603773585,130.6056603773585,1,215,226,201,NaN,NaN
M400-01-baseline-awake,2,28,173,131.24226415094338,131.24226415094338,1,215,226,201,NaN,NaN
M400-01-baseline-awake,2,28,174,128.08301886792452,128.08301886792452,1,215,226,201,NaN,NaN
M400-01-baseline-awake,2,28,175,127.70716981132075,127.70716981132075,1,215,226,201,NaN,NaN
M400-01-baseline-awake,2,28,176,130.18301886792452,130.18301886792452,1,215,226,201,NaN,NaN
M400-01-baseline-awake,2,28,177,127.59169811320754,127.59169811320754,1,215,226,201,NaN,NaN
M400-01-baseline-awake,2,28,178,128.13924528301888,128.13924528301888,1,215,226,201,NaN,NaN
M400-01-baseline-awake,2,28,179,130.0701886792453,130.0701886792453,1,215,226,201,NaN,NaN
M400-01-baseline-awake,2,28,180,128.7822641509434,128.7822641509434,1,215,226,201,NaN,NaN
M400-01-baseline-awake,2,28,181,129.86830188679247,129.86830188679247,1,215,226,201,NaN,NaN
M400-01-baseline-awake,2,28,182,131.03811320754718,131.03811320754718,1,215,226,201,NaN,NaN
M400-01-baseline-awake,2,28,183,130.48528301886793,130.48528301886793,1,215,226,201,NaN,NaN
M400-01-baseline-awake,2,28,184,130.59735849056605,130.59735849056605,1,215,226,201,NaN,NaN
M400-01-baseline-awake,2,28,185,129.22943396226415,129.22943396226415,1,215,226,201,NaN,NaN
M400-01-baseline-awake,2,28,186,129.48377358490566,129.48377358490566,1,215,226,201,NaN,NaN
M400-01-baseline-awake,2,28,187,130.57056603773586,130.57056603773586,1,215,226,201,NaN,NaN
M400-01-baseline-awake,2,28,188,128.20528301886793,128.20528301886793,1,215,226,201,NaN,NaN
M400-01-baseline-awake,2,28,189,127.28,127.28,1,215,226,201,NaN,NaN
M400-01-baseline-awake,2,28,190,131.28981132075472,131.28981132075472,1,215,226,201,NaN,NaN
M400-01-baseline-awake,2,28,191,128.40037735849057,128.40037735849057,1,215,226,201,NaN,NaN
M400-01-baseline-awake,2,28,192,127.83698113207546,127.83698113207546,1,215,226,201,NaN,NaN
M400-01-baseline-awake,2,28,193,129.21471698113209,129.21471698113209,1,215,226,201,NaN,NaN
M400-01-baseline-awake,2,28,194,130.52528301886792,130.52528301886792,1,215,226,201,NaN,NaN
M400-01-baseline-awake,2,28,195,129.30830188679246,129.30830188679246,1,215,226,201,NaN,NaN
M400-01-baseline-awake,2,28,196,128.27283018867925,128.27283018867925,1,215,226,201,NaN,NaN
M400-01-baseline-awake,2,28,197,126.70377358490566,126.70377358490566,1,215,226,201,NaN,NaN
M400-01-baseline-awake,2,28,198,126.40150943396226,126.40150943396226,1,215,226,201,NaN,NaN
M400-01-baseline-awake,2,28,199,127.20415094339623,127.20415094339623,1,215,226,201,NaN,NaN
M400-01-baseline-awake,2,28,200,127.4422641509434,127.4422641509434,1,215,226,201,NaN,NaN
M400-01-baseline-awake,2,28,201,127.92528301886793,129.08830188679246,1,215,226,201,NaN,NaN
M400-01-baseline-awake,2,28,202,127.36905660377359,129.57735849056604,1,215,226,201,NaN,NaN
M400-01-baseline-awake,2,28,203,129.81132075471697,133.05283018867925,0,215,226,201,NaN,NaN
M400-01-baseline-awake,2,28,204,129.63094339622643,133.79811320754717,0,215,226,201,NaN,NaN
M400-01-baseline-awake,2,28,205,128.92075471698112,133.87698113207549,0,215,226,201,NaN,NaN
M400-01-baseline-awake,2,28,206,127.56905660377359,133.12566037735849,0,215,226,201,NaN,NaN
M400-01-baseline-awake,2,28,207,125.92377358490566,132.11849056603774,0,215,226,201,NaN,NaN
M400-01-baseline-awake,2,28,208,130.60905660377358,137.51849056603774,1,215,226,201,NaN,NaN
M400-01-baseline-awake,2,28,209,130.3411320754717,137.85622641509434,1,215,226,201,NaN,NaN
M400-01-baseline-awake,2,28,210,125.28603773584905,133.05433962264152,1,215,226,201,NaN,NaN
M400-01-baseline-awake,2,28,211,127.50301886792452,135.77283018867925,1,215,226,201,NaN,NaN
M400-01-baseline-awake,2,28,212,128.39396226415096,137.0188679245283,1,215,226,201,NaN,NaN
M400-01-baseline-awake,2,28,213,126.40075471698113,135.2,1,215,226,201,NaN,NaN
M400-01-baseline-awake,2,28,214,128.56301886792454,137.91811320754718,1,215,226,201,NaN,NaN
M400-01-baseline-awake,2,28,215,129.4233962264151,138.96641509433962,0,215,226,201,NaN,NaN
M400-01-baseline-awake,2,28,216,129.08641509433963,138.81245283018868,0,215,226,201,NaN,NaN
M400-01-baseline-awake,2,28,217,128.8520754716981,138.77962264150943,0,215,226,201,NaN,NaN
M400-01-baseline-awake,2,28,218,127.96188679245283,137.7622641509434,0,215,226,201,NaN,NaN
M400-01-baseline-awake,2,28,219,125.79773584905661,135.4845283018868,0,215,226,201,NaN,NaN
M400-01-baseline-awake,2,28,220,121.20264150943396,130.63962264150945,0,215,226,201,NaN,NaN
M400-01-baseline-awake,2,28,221,118.38528301886792,127.68603773584906,0,215,226,201,NaN,NaN
M400-01-baseline-awake,2,28,222,117.00188679245284,126.1822641509434,0,215,226,201,NaN,NaN
M400-01-baseline-awake,2,28,223,121.5588679245283,131.28716981132075,0,215,226,201,NaN,NaN
M400-01-baseline-awake,2,28,224,124.52075471698113,134.4079245283019,0,215,226,201,NaN,NaN
M400-01-baseline-awake,2,28,225,126.08490566037736,136.10603773584904,0,215,226,201,NaN,NaN
M400-01-baseline-awake,2,28,226,128.2067924528302,138.37735849056602,0,215,226,201,NaN,NaN
M400-01-baseline-awake,2,28,227,127.26603773584905,137.2754716981132,0,215,226,201,NaN,NaN
M400-01-baseline-awake,2,28,228,130.06301886792454,140.29207547169813,0,215,226,201,NaN,NaN
M400-01-baseline-awake,2,28,229,129.9090566037736,139.9177358490566,0,215,226,201,NaN,NaN
M400-01-baseline-awake,2,28,230,129.3656603773585,139.30716981132076,0,215,226,201,NaN,NaN
M400-01-baseline-awake,2,28,231,128.511320754717,138.21056603773584,0,215,226,201,NaN,NaN
M400-01-baseline-awake,3,43,340,118.24480297859138,118.41141793360224,1,405,433,401,NaN,NaN
M400-01-baseline-awake,3,43,341,115.36053366428793,115.52295997517841,1,405,433,401,NaN,NaN
M400-01-baseline-awake,3,43,342,115.9928637914986,116.1511014582687,1,405,433,401,NaN,NaN
M400-01-baseline-awake,3,43,343,116.31290722928948,116.46835246664598,1,405,433,401,NaN,NaN
M400-01-baseline-awake,3,43,344,115.94384114179336,116.09789016444307,1,405,433,401,NaN,NaN
M400-01-baseline-awake,3,43,345,116.15653118212845,116.30778777536457,0,405,433,401,NaN,NaN
M400-01-baseline-awake,3,43,346,116.9176233322991,117.06639776605647,0,405,433,401,NaN,NaN
M400-01-baseline-awake,3,43,347,116.22401489295687,116.36906608749612,0,405,433,401,NaN,NaN
M400-01-baseline-awake,3,43,348,114.63481228668942,114.77226186782501,1,405,433,401,NaN,NaN
M400-01-baseline-awake,3,43,349,114.92382873099596,115.05941669252249,1,405,433,401,NaN,NaN
M400-01-baseline-awake,3,43,350,113.25969593546385,113.38473471920571,1,405,433,401,NaN,NaN
M400-01-baseline-awake,3,43,351,112.0695004654049,112.1926776295377,1,405,433,401,NaN,NaN
M400-01-baseline-awake,3,43,352,111.34502016754577,111.45640707415451,1,405,433,401,NaN,NaN
M400-01-baseline-awake,3,43,353,114.45501085944773,114.56313993174061,1,405,433,401,NaN,NaN
M400-01-baseline-awake,3,43,354,113.79304995345952,113.89218119764195,1,405,433,401,NaN,NaN
M400-01-baseline-awake,3,43,355,114.5221843003413,114.6196090598821,1,405,433,401,NaN,NaN
M400-01-baseline-awake,3,43,356,111.36565311821285,111.44942600062053,1,405,433,401,NaN,NaN
M400-01-baseline-awake,3,43,357,109.74961216258144,109.81787154824697,1,405,433,401,NaN,NaN
M400-01-baseline-awake,3,43,358,107.87697797083463,107.93546385355259,1,405,433,401,NaN,NaN
M400-01-baseline-awake,3,43,359,108.93158547936704,108.98340055848588,1,405,433,401,NaN,NaN
M400-01-baseline-awake,3,43,360,110.83974557865344,110.89031957803289,1,405,433,401,NaN,NaN
M400-01-baseline-awake,3,43,361,111.26512565932362,111.3029785913745,1,405,433,401,NaN,NaN
M400-01-baseline-awake,3,43,362,111.76233322991003,111.79785913744958,1,405,433,401,NaN,NaN
M400-01-baseline-awake,3,43,363,112.63620850139621,112.66568414520633,1,405,433,401,NaN,NaN
M400-01-baseline-awake,3,43,364,114.64986037852933,114.67731926776295,1,405,433,401,NaN,NaN
M400-01-baseline-awake,3,43,365,114.34827800186162,114.37201365187714,1,405,433,401,NaN,NaN
M400-01-baseline-awake,3,43,366,113.19872789326715,113.2170338194229,1,405,433,401,NaN,NaN
M400-01-baseline-awake,3,43,367,113.37868445547626,113.39016444306547,1,405,433,401,NaN,NaN
M400-01-baseline-awake,3,43,368,115.84036611852312,115.85122556624263,1,405,433,401,NaN,NaN
M400-01-baseline-awake,3,43,369,114.14644740924605,114.1540490226497,1,405,433,401,NaN,NaN
M400-01-baseline-awake,3,43,370,115.44058330747751,115.44942600062053,1,405,433,401,NaN,NaN
M400-01-baseline-awake,3,43,371,113.95252869996898,113.95826869376357,1,405,433,401,NaN,NaN
M400-01-baseline-awake,3,43,372,115.93810114799876,115.94368600682594,1,405,433,401,NaN,NaN
M400-01-baseline-awake,3,43,373,114.81833695314924,114.82345640707416,1,405,433,401,NaN,NaN
M400-01-baseline-awake,3,43,374,114.95283896990382,114.95656220912194,1,405,433,401,NaN,NaN
M400-01-baseline-awake,3,43,375,116.39497362705553,116.39699038163202,1,405,433,401,NaN,NaN
M400-01-baseline-awake,3,43,376,116.33540179956562,116.33695314923983,1,405,433,401,NaN,NaN
M400-01-baseline-awake,3,43,377,115.73875271486193,115.73875271486193,1,405,433,401,NaN,NaN
M400-01-baseline-awake,3,43,378,115.4635432826559,115.4635432826559,1,405,433,401,NaN,NaN
M400-01-baseline-awake,3,43,379,116.47828110456096,116.47828110456096,1,405,433,401,NaN,NaN
M400-01-baseline-awake,3,43,380,116.05538318336953,116.05538318336953,1,405,433,401,NaN,NaN
M400-01-baseline-awake,3,43,381,116.12845175302513,116.12845175302513,1,405,433,401,NaN,NaN
M400-01-baseline-awake,3,43,382,115.55352156376047,115.55352156376047,1,405,433,401,NaN,NaN
M400-01-baseline-awake,3,43,383,115.07213775985107,115.07213775985107,1,405,433,401,NaN,NaN
M400-01-baseline-awake,3,43,384,116.10331988830282,116.10331988830282,1,405,433,401,NaN,NaN
M400-01-baseline-awake,3,43,385,116.23332299100217,116.23332299100217,1,405,433,401,NaN,NaN
M400-01-baseline-awake,3,43,386,114.37340986658393,114.37340986658393,1,405,433,401,NaN,NaN
M400-01-baseline-awake,3,43,387,114.90847036922122,114.90847036922122,1,405,433,401,NaN,NaN
M400-01-baseline-awake,3,43,388,115.84533043748061,115.84533043748061,1,405,433,401,NaN,NaN
M400-01-baseline-awake,3,43,389,115.72696245733789,115.72696245733789,1,405,433,401,NaN,NaN
M400-01-baseline-awake,3,43,390,116.17856034750233,116.17856034750233,0,405,433,401,NaN,NaN
M400-01-baseline-awake,3,43,391,117.0587961526528,117.0587961526528,0,405,433,401,NaN,NaN
M400-01-baseline-awake,3,43,392,115.61511014582688,115.61511014582688,0,405,433,401,NaN,NaN
M400-01-baseline-awake,3,43,393,116.5881166614955,116.5881166614955,0,405,433,401,NaN,NaN
M400-01-baseline-awake,3,43,394,116.53242320819113,116.53242320819113,0,405,433,401,NaN,NaN
M400-01-baseline-awake,3,43,395,116.93670493329196,116.93670493329196,0,405,433,401,NaN,NaN
M400-01-baseline-awake,3,43,396,116.86161960905989,116.86161960905989,0,405,433,401,NaN,NaN
M400-01-baseline-awake,3,43,397,116.36766987278932,116.36766987278932,0,405,433,401,NaN,NaN
M400-01-baseline-awake,3,43,398,115.0114799875892,115.0114799875892,0,405,433,401,NaN,NaN
M400-01-baseline-awake,3,43,399,116.93592925845486,116.93592925845486,0,405,433,401,NaN,NaN
M400-01-baseline-awake,3,43,400,115.7600062053987,115.7600062053987,0,405,433,401,NaN,NaN
M400-01-baseline-awake,3,43,401,114.79723859757989,114.88256282966181,0,405,433,401,NaN,NaN
M400-01-baseline-awake,3,43,402,118.75892026062675,119.09990691901955,0,405,433,401,NaN,NaN
M400-01-baseline-awake,3,43,403,117.85215637604716,118.62659013341607,0,405,433,401,NaN,NaN
M400-01-baseline-awake,3,43,404,115.97797083462612,117.32035370772572,0,405,433,401,NaN,NaN
M400-01-baseline-awake,3,43,405,111.14101768538629,113.12224635432827,0,405,433,401,NaN,NaN
M400-01-baseline-awake,3,43,406,109.7857586099907,112.62007446478437,0,405,433,401,NaN,NaN
M400-01-baseline-awake,3,43,407,110.30359913124418,114.15218740304064,0,405,433,401,NaN,NaN
M400-01-baseline-awake,3,43,408,111.2263419174682,115.09851070431276,0,405,433,401,NaN,NaN
M400-01-baseline-awake,3,43,409,110.46711138690661,114.40676388457959,0,405,433,401,NaN,NaN
M400-01-baseline-awake,3,43,410,108.7600062053987,112.85898231461371,0,405,433,401,NaN,NaN
M400-01-baseline-awake,3,43,411,108.81818181818181,113.3982314613714,0,405,433,401,NaN,NaN
M400-01-baseline-awake,3,43,412,110.55926155755508,115.71610300961837,0,405,433,401,NaN,NaN
M400-01-baseline-awake,3,43,413,110.59447719515978,116.66149550108595,0,405,433,401,NaN,NaN
M400-01-baseline-awake,3,43,414,111.50248215947875,118.44616816630469,0,405,433,401,NaN,NaN
M400-01-baseline-awake,3,43,415,111.24030406453615,119.31104560968042,0,405,433,401,NaN,NaN
M400-01-baseline-awake,3,43,416,112.30809804529942,120.4477195159789,0,405,433,401,NaN,NaN
M400-01-baseline-awake,3,43,417,113.64660254421347,121.84114179336022,0,405,433,401,NaN,NaN
M400-01-baseline-awake,3,43,418,111.77769159168477,119.8287309959665,0,405,433,401,NaN,NaN
M400-01-baseline-awake,3,43,419,112.64768848898542,120.18523115110146,0,405,433,401,NaN,NaN
M400-01-baseline-awake,3,43,420,113.42646602544214,120.50186161960906,0,405,433,401,NaN,NaN
M400-01-baseline-awake,3,43,421,113.72308408315234,120.37759851070432,0,405,433,401,NaN,NaN
M400-01-baseline-awake,3,43,422,114.79506670803599,121.00775674837108,0,405,433,401,NaN,NaN
M400-01-baseline-awake,3,43,423,114.58687558175613,120.39171579273969,0,405,433,401,NaN,NaN
M400-01-baseline-awake,3,43,424,112.62240148929568,117.98045299410487,0,405,433,401,NaN,NaN
M400-01-baseline-awake,3,43,425,113.59540800496431,118.76559106422587,0,405,433,401,NaN,NaN
M400-01-baseline-awake,3,43,426,116.07074154514427,121.04421346571517,0,405,433,401,NaN,NaN
M400-01-baseline-awake,3,43,427,114.40940117902575,118.50062053986969,0,405,433,401,NaN,NaN
M400-01-baseline-awake,3,43,428,113.2922742786224,116.64598200434378,0,405,433,401,NaN,NaN
M400-01-baseline-awake,3,43,429,113.24356189885201,115.9734719205709,0,405,433,401,NaN,NaN
M400-01-baseline-awake,3,43,430,114.21765435929258,116.42801737511635,0,405,433,401,NaN,NaN
M400-01-baseline-awake,3,43,431,115.37790878063916,117.14179336022339,0,405,433,401,NaN,NaN
M400-01-baseline-awake,3,43,432,114.40536766987279,115.79537697797083,0,405,433,401,NaN,NaN
M400-01-baseline-awake,3,43,433,114.32128451753024,115.37232392181198,0,405,433,401,NaN,NaN
M400-01-baseline-awake,3,43,434,113.17282035370772,113.91855414210363,0,405,433,401,NaN,NaN
M400-01-baseline-awake,3,43,435,113.5952528699969,114.12643499844864,0,405,433,401,NaN,NaN
M400-01-baseline-awake,3,43,436,116.07896369841762,116.4247595408005,0,405,433,401,NaN,NaN
M400-01-baseline-awake,3,43,437,115.5760161340366,115.76590133416072,0,405,433,401,NaN,NaN
M400-01-baseline-awake,3,43,438,115.68352466645982,115.77707105181508,0,405,433,401,NaN,NaN
M400-01-baseline-awake,5,29,439,122.0140597539543,122.0140597539543,1,504,526,501,NaN,NaN
M400-01-baseline-awake,5,29,440,119.76731107205624,119.76731107205624,1,504,526,501,NaN,NaN
M400-01-baseline-awake,5,29,441,119.97644991212654,119.97644991212654,1,504,526,501,NaN,NaN
M400-01-baseline-awake,5,29,442,120.3286467486819,120.3286467486819,1,504,526,501,NaN,NaN
M400-01-baseline-awake,5,29,443,124.3933216168717,124.3933216168717,1,504,526,501,NaN,NaN
M400-01-baseline-awake,5,29,444,124.59964850615114,124.59964850615114,1,504,526,501,NaN,NaN
M400-01-baseline-awake,5,29,445,123.30087873462215,123.30087873462215,1,504,526,501,NaN,NaN
M400-01-baseline-awake,5,29,446,121.65623901581722,121.65623901581722,1,504,526,501,NaN,NaN
M400-01-baseline-awake,5,29,447,122.85588752196837,122.85588752196837,1,504,526,501,NaN,NaN
M400-01-baseline-awake,5,29,448,123.72934973637962,123.72934973637962,1,504,526,501,NaN,NaN
M400-01-baseline-awake,5,29,449,123.47205623901581,123.47205623901581,1,504,526,501,NaN,NaN
M400-01-baseline-awake,5,29,450,121.06748681898067,121.06748681898067,0,504,526,501,NaN,NaN
M400-01-baseline-awake,5,29,451,121.80527240773286,121.80527240773286,0,504,526,501,NaN,NaN
M400-01-baseline-awake,5,29,452,121.68435852372583,121.68435852372583,0,504,526,501,NaN,NaN
M400-01-baseline-awake,5,29,453,120.80773286467486,120.80773286467486,0,504,526,501,NaN,NaN
M400-01-baseline-awake,5,29,454,121.6945518453427,121.6945518453427,0,504,526,501,NaN,NaN
M400-01-baseline-awake,5,29,455,121.13321616871704,121.13321616871704,0,504,526,501,NaN,NaN
M400-01-baseline-awake,5,29,456,120.93919156414763,120.93919156414763,0,504,526,501,NaN,NaN
M400-01-baseline-awake,5,29,457,122.30509666080843,122.30509666080843,0,504,526,501,NaN,NaN
M400-01-baseline-awake,5,29,458,123.55043936731107,123.55043936731107,0,504,526,501,NaN,NaN
M400-01-baseline-awake,5,29,459,123.9810193321617,123.9810193321617,0,504,526,501,NaN,NaN
M400-01-baseline-awake,5,29,460,121.68857644991213,121.68857644991213,0,504,526,501,NaN,NaN
M400-01-baseline-awake,5,29,461,118.66537785588753,118.66537785588753,0,504,526,501,NaN,NaN
M400-01-baseline-awake,5,29,462,120.46010544815466,120.46010544815466,0,504,526,501,NaN,NaN
M400-01-baseline-awake,5,29,463,117.83163444639719,117.83163444639719,0,504,526,501,NaN,NaN
M400-01-baseline-awake,5,29,464,119.36801405975396,119.36801405975396,0,504,526,501,NaN,NaN
M400-01-baseline-awake,5,29,465,120.97293497363796,120.97293497363796,0,504,526,501,NaN,NaN
M400-01-baseline-awake,5,29,466,120.66291739894552,120.66291739894552,0,504,526,501,NaN,NaN
M400-01-baseline-awake,5,29,467,118.25026362038665,118.25026362038665,1,504,526,501,NaN,NaN
M400-01-baseline-awake,5,29,468,116.49841827768014,116.49841827768014,1,504,526,501,NaN,NaN
M400-01-baseline-awake,5,29,469,115.61546572934974,115.61546572934974,1,504,526,501,NaN,NaN
M400-01-baseline-awake,5,29,470,112.83550087873462,112.83550087873462,1,504,526,501,NaN,NaN
M400-01-baseline-awake,5,29,471,114.79507908611599,114.79507908611599,1,504,526,501,NaN,NaN
M400-01-baseline-awake,5,29,472,114.1792618629174,114.1792618629174,1,504,526,501,NaN,NaN
M400-01-baseline-awake,5,29,473,116.11353251318101,116.11353251318101,1,504,526,501,NaN,NaN
M400-01-baseline-awake,5,29,474,116.79402460456942,116.79402460456942,1,504,526,501,NaN,NaN
M400-01-baseline-awake,5,29,475,114.81511423550089,114.81511423550089,1,504,526,501,NaN,NaN
M400-01-baseline-awake,5,29,476,110.71985940246046,110.71985940246046,1,504,526,501,NaN,NaN
M400-01-baseline-awake,5,29,477,110.9261862917399,110.9261862917399,1,504,526,501,NaN,NaN
M400-01-baseline-awake,5,29,478,114.45131810193321,114.45131810193321,0,504,526,501,NaN,NaN
M400-01-baseline-awake,5,29,479,115.19050966608084,115.19050966608084,1,504,526,501,NaN,NaN
M400-01-baseline-awake,5,29,480,116.46854130052724,116.46854130052724,1,504,526,501,NaN,NaN
M400-01-baseline-awake,5,29,481,116.23093145869947,116.23093145869947,1,504,526,501,NaN,NaN
M400-01-baseline-awake,5,29,482,114.61300527240773,114.61300527240773,1,504,526,501,NaN,NaN
M400-01-baseline-awake,5,29,483,116.61757469244289,116.61757469244289,1,504,526,501,NaN,NaN
M400-01-baseline-awake,5,29,484,118.30404217926186,118.30404217926186,1,504,526,501,NaN,NaN
M400-01-baseline-awake,5,29,485,117.92724077328647,117.92724077328647,1,504,526,501,NaN,NaN
M400-01-baseline-awake,5,29,486,115.5718804920914,115.5718804920914,1,504,526,501,NaN,NaN
M400-01-baseline-awake,5,29,487,113.1585237258348,113.1585237258348,1,504,526,501,NaN,NaN
M400-01-baseline-awake,5,29,488,112.15219683655536,112.15219683655536,1,504,526,501,NaN,NaN
M400-01-baseline-awake,5,29,489,111.48506151142355,111.48506151142355,0,504,526,501,NaN,NaN
M400-01-baseline-awake,5,29,490,112.25413005272408,112.25413005272408,1,504,526,501,NaN,NaN
M400-01-baseline-awake,5,29,491,114.64674868189806,114.64674868189806,1,504,526,501,NaN,NaN
M400-01-baseline-awake,5,29,492,114.106151142355,114.106151142355,1,504,526,501,NaN,NaN
M400-01-baseline-awake,5,29,493,113.59367311072056,113.59367311072056,1,504,526,501,NaN,NaN
M400-01-baseline-awake,5,29,494,113.4664323374341,113.4664323374341,1,504,526,501,NaN,NaN
M400-01-baseline-awake,5,29,495,116.68857644991213,116.68857644991213,1,504,526,501,NaN,NaN
M400-01-baseline-awake,5,29,496,116.17855887521968,116.17855887521968,1,504,526,501,NaN,NaN
M400-01-baseline-awake,5,29,497,115.23374340949033,115.23374340949033,1,504,526,501,NaN,NaN
M400-01-baseline-awake,5,29,498,115.4432337434095,115.4432337434095,1,504,526,501,NaN,NaN
M400-01-baseline-awake,5,29,499,116.46572934973638,116.46572934973638,1,504,526,501,NaN,NaN
M400-01-baseline-awake,5,29,500,118.30861159929701,118.30861159929701,1,504,526,501,NaN,NaN
M400-01-baseline-awake,5,29,501,118.94376098418277,119.12407732864675,1,504,526,501,NaN,NaN
M400-01-baseline-awake,5,29,502,119.55500878734622,120.29173989455184,1,504,526,501,NaN,NaN
M400-01-baseline-awake,5,29,503,118.1268892794376,119.7725834797891,1,504,526,501,NaN,NaN
M400-01-baseline-awake,5,29,504,115.3543057996485,118.19718804920915,0,504,526,501,NaN,NaN
M400-01-baseline-awake,5,29,505,114.33427065026362,118.80351493848858,0,504,526,501,NaN,NaN
M400-01-baseline-awake,5,29,506,115.0847100175747,121.52056239015818,0,504,526,501,NaN,NaN
M400-01-baseline-awake,5,29,507,114.70298769771529,123.34973637961336,0,504,526,501,NaN,NaN
M400-01-baseline-awake,5,29,508,115.22425307557118,124.00808435852373,0,504,526,501,NaN,NaN
M400-01-baseline-awake,5,29,509,115.76274165202109,124.52337434094903,0,504,526,501,NaN,NaN
M400-01-baseline-awake,5,29,510,114.90755711775044,123.33497363796134,0,504,526,501,NaN,NaN
M400-01-baseline-awake,5,29,511,114.26291739894552,122.01687170474517,0,504,526,501,NaN,NaN
M400-01-baseline-awake,5,29,512,115.47381370826011,122.39859402460456,0,504,526,501,NaN,NaN
M400-01-baseline-awake,5,29,513,113.9810193321617,119.80702987697715,0,504,526,501,NaN,NaN
M400-01-baseline-awake,5,29,514,115.9810193321617,120.58629173989455,0,504,526,501,NaN,NaN
M400-01-baseline-awake,5,29,515,117.40175746924429,120.59718804920914,0,504,526,501,NaN,NaN
M400-01-baseline-awake,5,29,516,117.36485061511424,120.61722319859402,0,504,526,501,NaN,NaN
M400-01-baseline-awake,5,29,517,115.70474516695958,118.89420035149385,0,504,526,501,NaN,NaN
M400-01-baseline-awake,5,29,518,116.22882249560632,119.42776801405975,0,504,526,501,NaN,NaN
M400-01-baseline-awake,5,29,519,114.52267135325131,116.44920913884008,0,504,526,501,NaN,NaN
M400-01-baseline-awake,5,29,520,114.67029876977153,115.41581722319859,0,504,526,501,NaN,NaN
M400-01-baseline-awake,5,29,521,115.53673110720563,115.39648506151143,0,504,526,501,NaN,NaN
M400-01-baseline-awake,5,29,522,115.09736379613356,113.98699472759226,0,504,526,501,NaN,NaN
M400-01-baseline-awake,5,29,523,115.2664323374341,113.2878734622144,0,504,526,501,NaN,NaN
M400-01-baseline-awake,5,29,524,118.53884007029878,115.75817223198594,0,504,526,501,NaN,NaN
M400-01-baseline-awake,5,29,525,116.88611599297012,113.38488576449912,0,504,526,501,NaN,NaN
M400-01-baseline-awake,5,29,526,117.03444639718805,112.9311072056239,0,504,526,501,NaN,NaN
M400-01-baseline-awake,5,29,527,117.71845342706503,113.96379613356767,0,504,526,501,NaN,NaN
M400-01-baseline-awake,5,29,528,116.75957820738137,113.29455184534271,0,504,526,501,NaN,NaN
M400-01-baseline-awake,5,29,529,115.68435852372583,112.59718804920914,0,504,526,501,NaN,NaN
M400-01-baseline-awake,5,29,530,116.14868189806678,113.395079086116,0,504,526,501,NaN,NaN
M400-01-baseline-awake,5,29,531,115.97398945518454,113.67451669595782,0,504,526,501,NaN,NaN
FB2316-baseline,1,2,39,4751.228445424476,4751.228445424476,0,104,114,101,NaN,NaN
FB2316-baseline,1,2,40,4720.749136346932,4720.749136346932,0,104,114,101,NaN,NaN
FB2316-baseline,1,2,41,4734.654318265344,4734.654318265344,0,104,114,101,NaN,NaN
FB2316-baseline,1,2,42,4729.461595001838,4729.461595001838,0,104,114,101,NaN,NaN
FB2316-baseline,1,2,43,4718.036163175303,4718.036163175303,0,104,114,101,NaN,NaN
FB2316-baseline,1,2,44,4784.733112826167,4784.733112826167,0,104,114,101,NaN,NaN
FB2316-baseline,1,2,45,4819.658728408674,4819.658728408674,0,104,114,101,NaN,NaN
FB2316-baseline,1,2,46,4824.33414185961,4824.33414185961,0,104,114,101,NaN,NaN
FB2316-baseline,1,2,47,4814.916427783903,4814.916427783903,0,104,114,101,NaN,NaN
FB2316-baseline,1,2,48,4849.2746784270485,4849.2746784270485,0,104,114,101,NaN,NaN
FB2316-baseline,1,2,49,4878.649981624403,4878.649981624403,0,104,114,101,NaN,NaN
FB2316-baseline,1,2,50,4884.775817714076,4884.775817714076,0,104,114,101,NaN,NaN
FB2316-baseline,1,2,51,4934.565159867696,4934.565159867696,0,104,114,101,NaN,NaN
FB2316-baseline,1,2,52,4931.1063579566335,4931.1063579566335,0,104,114,101,NaN,NaN
FB2316-baseline,1,2,53,4948.058213891952,4948.058213891952,0,104,114,101,NaN,NaN
FB2316-baseline,1,2,54,4921.679235575156,4921.679235575156,0,104,114,101,NaN,NaN
FB2316-baseline,1,2,55,4932.211613377434,4932.211613377434,0,104,114,101,NaN,NaN
FB2316-baseline,1,2,56,4959.35927967659,4959.35927967659,0,104,114,101,NaN,NaN
FB2316-baseline,1,2,57,5004.207423741272,5004.207423741272,0,104,114,101,NaN,NaN
FB2316-baseline,1,2,58,5012.690775450202,5012.690775450202,0,104,114,101,NaN,NaN
FB2316-baseline,1,2,59,5007.734876883499,5007.734876883499,0,104,114,101,NaN,NaN
FB2316-baseline,1,2,60,5006.58809261301,5006.58809261301,0,104,114,101,NaN,NaN
FB2316-baseline,1,2,61,5018.227195883866,5018.227195883866,0,104,114,101,NaN,NaN
FB2316-baseline,1,2,62,4974.271885336273,4974.271885336273,0,104,114,101,NaN,NaN
FB2316-baseline,1,2,63,5009.124292539507,5009.124292539507,0,104,114,101,NaN,NaN
FB2316-baseline,1,2,64,5023.819698640205,5023.819698640205,0,104,114,101,NaN,NaN
FB2316-baseline,1,2,65,5063.662477030503,5063.662477030503,0,104,114,101,NaN,NaN
FB2316-baseline,1,2,66,5073.748474825432,5073.748474825432,0,104,114,101,NaN,NaN
FB2316-baseline,1,2,67,5069.242337375965,5069.242337375965,0,104,114,101,NaN,NaN
FB2316-baseline,1,2,68,5084.250128629181,5084.250128629181,0,104,114,101,NaN,NaN
FB2316-baseline,1,2,69,5093.224843807424,5093.224843807424,0,104,114,101,NaN,NaN
FB2316-baseline,1,2,70,5093.049246600514,5093.049246600514,0,104,114,101,NaN,NaN
FB2316-baseline,1,2,71,5093.381403895627,5093.381403895627,0,104,114,101,NaN,NaN
FB2316-baseline,1,2,72,5101.889378904814,5101.889378904814,0,104,114,101,NaN,NaN
FB2316-baseline,1,2,73,5115.567144432194,5115.567144432194,0,104,114,101,NaN,NaN
FB2316-baseline,1,2,74,5128.27276736494,5128.27276736494,0,104,114,101,NaN,NaN
FB2316-baseline,1,2,75,5130.150532892319,5130.150532892319,0,104,114,101,NaN,NaN
FB2316-baseline,1,2,76,5173.044762954796,5173.044762954796,0,104,114,101,NaN,NaN
FB2316-baseline,1,2,77,5175.133039323778,5175.133039323778,0,104,114,101,NaN,NaN
FB2316-baseline,1,2,78,5197.045350973906,5197.045350973906,0,104,114,101,NaN,NaN
FB2316-baseline,1,2,79,5212.389562660786,5212.389562660786,0,104,114,101,NaN,NaN
FB2316-baseline,1,2,80,5203.617787578096,5203.617787578096,0,104,114,101,NaN,NaN
FB2316-baseline,1,2,81,5231.1404630650495,5231.1404630650495,0,104,114,101,NaN,NaN
FB2316-baseline,1,2,82,5261.981330393238,5261.981330393238,0,104,114,101,NaN,NaN
FB2316-baseline,1,2,83,5280.61506798971,5280.61506798971,1,104,114,101,NaN,NaN
FB2316-baseline,1,2,84,5230.605071664829,5230.605071664829,1,104,114,101,NaN,NaN
FB2316-baseline,1,2,85,5251.665637633223,5251.665637633223,1,104,114,101,NaN,NaN
FB2316-baseline,1,2,86,5272.957883131202,5272.957883131202,0,104,114,101,NaN,NaN
FB2316-baseline,1,2,87,5341.158103638369,5341.158103638369,0,104,114,101,NaN,NaN
FB2316-baseline,1,2,88,5315.690775450202,5315.690775450202,0,104,114,101,NaN,NaN
FB2316-baseline,1,2,89,5322.464388092613,5322.464388092613,0,104,114,101,NaN,NaN
FB2316-baseline,1,2,90,5336.952223447262,5336.952223447262,0,104,114,101,NaN,NaN
FB2316-baseline,1,2,91,5371.69026093348,5371.69026093348,0,104,114,101,NaN,NaN
FB2316-baseline,1,2,92,5422.264094083058,5422.264094083058,0,104,114,101,NaN,NaN
FB2316-baseline,1,2,93,5435.07776552738,5435.07776552738,0,104,114,101,NaN,NaN
FB2316-baseline,1,2,94,5426.759132671812,5426.759132671812,0,104,114,101,NaN,NaN
FB2316-baseline,1,2,95,5450.175082690187,5450.175082690187,0,104,114,101,NaN,NaN
FB2316-baseline,1,2,96,5472.769864020581,5472.769864020581,0,104,114,101,NaN,NaN
FB2316-baseline,1,2,97,5523.95486953326,5523.95486953326,0,104,114,101,NaN,NaN
FB2316-baseline,1,2,98,5530.110180080853,5530.110180080853,0,104,114,101,NaN,NaN
FB2316-baseline,1,2,99,5548.3418596104375,5548.3418596104375,0,104,114,101,NaN,NaN
FB2316-baseline,1,2,100,5449.756486585814,5449.756486585814,0,104,114,101,NaN,NaN
FB2316-baseline,1,2,101,5403.685189268651,5409.373392135244,0,104,114,101,NaN,NaN
FB2316-baseline,1,2,102,5439.346784270489,5462.350826901874,0,104,114,101,NaN,NaN
FB2316-baseline,1,2,103,5511.117750826902,5563.409187798604,0,104,114,101,NaN,NaN
FB2316-baseline,1,2,104,5541.440573318633,5634.893054024255,0,104,114,101,NaN,NaN
FB2316-baseline,1,2,105,5562.77618522602,5709.463800073502,0,104,114,101,NaN,NaN
FB2316-baseline,1,2,106,5591.561999264976,5803.405806688717,0,104,114,101,NaN,NaN
FB2316-baseline,1,2,107,5589.93921352444,5878.948254318266,0,104,114,101,NaN,NaN
FB2316-baseline,1,2,108,5574.8244027930905,5863.453142227122,0,104,114,101,NaN,NaN
FB2316-baseline,1,2,109,5509.509371554575,5794.663138552003,0,104,114,101,NaN,NaN
FB2316-baseline,1,2,110,5459.981477398015,5743.467254685777,0,104,114,101,NaN,NaN
FB2316-baseline,1,2,111,5522.028592429254,5808.92664461595,0,104,114,101,NaN,NaN
FB2316-baseline,1,2,112,5596.848217567071,5888.442190371187,0,104,114,101,NaN,NaN
FB2316-baseline,1,2,113,5652.760308710033,5946.000735023888,0,104,114,101,NaN,NaN
FB2316-baseline,1,2,114,5678.041161337744,5971.493348033811,0,104,114,101,NaN,NaN
FB2316-baseline,1,2,115,5642.174421168688,5934.735685409776,0,104,114,101,NaN,NaN
FB2316-baseline,1,2,116,5688.488643880926,5982.800735023889,0,104,114,101,NaN,NaN
FB2316-baseline,1,2,117,5664.371334068357,5957.589121646453,0,104,114,101,NaN,NaN
FB2316-baseline,1,2,118,5650.409628812937,5944.182579933848,0,104,114,101,NaN,NaN
FB2316-baseline,1,2,119,5683.457919882396,5937.072987872106,0,104,114,101,NaN,NaN
FB2316-baseline,2,12,176,5428.9118967452305,5428.9118967452305,0,253,271,201,NaN,NaN
FB2316-baseline,2,12,177,5456.562991021325,5456.562991021325,0,253,271,201,NaN,NaN
FB2316-baseline,2,12,178,5448.965909090909,5448.965909090909,0,253,271,201,NaN,NaN
FB2316-baseline,2,12,179,5391.2831088664425,5391.2831088664425,0,253,271,201,NaN,NaN
FB2316-baseline,2,12,180,5372.895622895623,5372.895622895623,0,253,271,201,NaN,NaN
FB2316-baseline,2,12,181,5407.3644781144785,5407.3644781144785,0,253,271,201,NaN,NaN
FB2316-baseline,2,12,182,5437.725729517396,5437.725729517396,0,253,271,201,NaN,NaN
FB2316-baseline,2,12,183,5501.880611672278,5501.880611672278,0,253,271,201,NaN,NaN
FB2316-baseline,2,12,184,5513.475028058361,5513.475028058361,0,253,271,201,NaN,NaN
FB2316-baseline,2,12,185,5506.184343434344,5506.184343434344,0,253,271,201,NaN,NaN
FB2316-baseline,2,12,186,5524.909371492705,5524.909371492705,0,253,271,201,NaN,NaN
FB2316-baseline,2,12,187,5481.708052749719,5481.708052749719,0,253,271,201,NaN,NaN
FB2316-baseline,2,12,188,5460.5596240179575,5460.5596240179575,0,253,271,201,NaN,NaN
FB2316-baseline,2,12,189,5464.674242424242,5464.674242424242,0,253,271,201,NaN,NaN
FB2316-baseline,2,12,190,5463.013047138047,5463.013047138047,0,253,271,201,NaN,NaN
FB2316-baseline,2,12,191,5460.054573512907,5460.054573512907,0,253,271,201,NaN,NaN
FB2316-baseline,2,12,192,5483.603535353535,5483.603535353535,0,253,271,201,NaN,NaN
FB2316-baseline,2,12,193,5470.88005050505,5470.88005050505,0,253,271,201,NaN,NaN
FB2316-baseline,2,12,194,5481.1355218855215,5481.1355218855215,0,253,271,201,NaN,NaN
FB2316-baseline,2,12,195,5490.160914702581,5490.160914702581,0,253,271,201,NaN,NaN
FB2316-baseline,2,12,196,5527.265151515152,5527.265151515152,0,253,271,201,NaN,NaN
FB2316-baseline,2,12,197,5539.570847362514,5539.570847362514,0,253,271,201,NaN,NaN
FB2316-baseline,2,12,198,5492.22278338945,5492.22278338945,0,253,271,201,NaN,NaN
FB2316-baseline,2,12,199,5508.0841750841755,5508.0841750841755,0,253,271,201,NaN,NaN
FB2316-baseline,2,12,200,5522.174663299664,5522.174663299664,0,253,271,201,NaN,NaN
FB2316-baseline,2,12,201,5548.420594837262,5619.888327721661,0,253,271,201,NaN,NaN
FB2316-baseline,2,12,202,5567.226711560045,5704.297278338945,0,253,271,201,NaN,NaN
FB2316-baseline,2,12,203,5577.164141414141,5774.359988776656,0,253,271,201,NaN,NaN
FB2316-baseline,2,12,204,5571.138888888889,5823.0956790123455,1,253,271,201,NaN,NaN
FB2316-baseline,2,12,205,5514.426767676768,5813.450897867565,1,253,271,201,NaN,NaN
FB2316-baseline,2,12,206,5524.912457912458,5867.873737373738,1,253,271,201,NaN,NaN
FB2316-baseline,2,12,207,5558.458333333333,5944.226571268238,1,253,271,201,NaN,NaN
FB2316-baseline,2,12,208,5559.423961840628,5982.009118967452,1,253,271,201,NaN,NaN
FB2316-baseline,2,12,209,5545.614197530864,5999.338804713805,1,253,271,201,NaN,NaN
FB2316-baseline,2,12,210,5559.835858585859,6044.116863075196,1,253,271,201,NaN,NaN
FB2316-baseline,2,12,211,5603.157126823793,6116.904180695848,1,253,271,201,NaN,NaN
FB2316-baseline,2,12,212,5609.008838383838,6146.565656565656,1,253,271,201,NaN,NaN
FB2316-baseline,2,12,213,5605.723204264871,6162.329685746352,1,253,271,201,NaN,NaN
FB2316-baseline,2,12,214,5597.008136924804,6169.1069023569025,1,253,271,201,NaN,NaN
FB2316-baseline,2,12,215,5555.8627946127945,6140.154882154882,1,253,271,201,NaN,NaN
FB2316-baseline,2,12,216,5556.534792368126,6152.419472502806,1,253,271,201,NaN,NaN
FB2316-baseline,2,12,217,5598.070005611672,6208.985129068463,1,253,271,201,NaN,NaN
FB2316-baseline,2,12,218,5610.362514029181,6232.58347362514,0,253,271,201,NaN,NaN
FB2316-baseline,2,12,219,5611.995931537598,6241.236531986532,0,253,271,201,NaN,NaN
FB2316-baseline,2,12,220,5615.965909090909,6250.253928170595,0,253,271,201,NaN,NaN
FB2316-baseline,2,12,221,5647.229797979798,6289.825476992144,0,253,271,201,NaN,NaN
FB2316-baseline,2,12,222,5625.937850729518,6265.903198653199,0,253,271,201,NaN,NaN
FB2316-baseline,2,12,223,5620.523148148148,6260.443181818182,0,253,271,201,NaN,NaN
FB2316-baseline,2,12,224,5667.226851851852,6313.428591470258,0,253,271,201,NaN,NaN
FB2316-baseline,2,12,225,5624.929994388328,6263.531986531986,0,253,271,201,NaN,NaN
FB2316-baseline,2,12,226,5626.073933782267,6262.694304152637,0,253,271,201,NaN,NaN
FB2316-baseline,2,12,227,5632.7358305274975,6266.149130190797,0,253,271,201,NaN,NaN
FB2316-baseline,2,12,228,5629.740740740741,6258.408249158249,0,253,271,201,NaN,NaN
FB2316-baseline,2,12,229,5697.049242424242,6329.416947250281,0,253,271,201,NaN,NaN
FB2316-baseline,2,12,230,5703.273288439955,6329.242003367003,0,253,271,201,NaN,NaN
FB2316-baseline,2,12,231,5713.61994949495,6334.380751964085,0,253,271,201,NaN,NaN
FB2316-baseline,2,12,232,5734.932519640853,6349.504489337823,0,253,271,201,NaN,NaN
FB2316-baseline,2,12,233,5709.04657687991,6313.962962962963,0,253,271,201,NaN,NaN
FB2316-baseline,2,12,234,5699.944725028058,6296.420314253648,0,253,271,201,NaN,NaN
FB2316-baseline,2,12,235,5663.575056116722,6245.862373737374,0,253,271,201,NaN,NaN
FB2316-baseline,2,12,236,5704.281705948372,6283.64576318743,1,253,271,201,NaN,NaN
FB2316-baseline,2,12,237,5719.0065937149275,6291.3191638608305,1,253,271,201,NaN,NaN
FB2316-baseline,2,12,238,5712.741722783389,6275.407126823793,1,253,271,201,NaN,NaN
FB2316-baseline,2,12,239,5720.137065095399,6271.683922558923,1,253,271,201,NaN,NaN
FB2316-baseline,2,12,240,5718.124158249158,6259.716470258137,1,253,271,201,NaN,NaN
FB2316-baseline,2,12,241,5761.24537037037,6296.05303030303,1,253,271,201,NaN,NaN
FB2316-baseline,2,12,242,5765.772166105499,6292.792368125702,1,253,271,201,NaN,NaN
FB2316-baseline,2,12,243,5737.945707070707,6251.818181818182,1,253,271,201,NaN,NaN
FB2316-baseline,2,12,244,5751.25322671156,6255.86854657688,1,253,271,201,NaN,NaN
FB2316-baseline,2,12,245,5757.40221661055,6250.733445566779,1,253,271,201,NaN,NaN
FB2316-baseline,2,12,246,5781.337401795735,6268.330808080808,1,253,271,201,NaN,NaN
FB2316-baseline,2,12,247,5768.7680976430975,6243.74494949495,1,253,271,201,NaN,NaN
FB2316-baseline,2,12,248,5766.9687149270485,6229.928310886644,1,253,271,201,NaN,NaN
FB2316-baseline,2,12,249,5801.304994388328,6257.338664421998,0,253,271,201,NaN,NaN
FB2316-baseline,2,12,250,5774.331930415264,6217.08950617284,0,253,271,201,NaN,NaN
FB2316-baseline,2,12,251,5779.705948372615,6213.739197530864,0,253,271,201,NaN,NaN
FB2316-baseline,2,12,252,5786.0823512906845,6210.871492704826,0,253,271,201,NaN,NaN
FB2316-baseline,2,12,253,5783.486391694725,6196.776515151515,0,253,271,201,NaN,NaN
FB2316-baseline,2,12,254,5767.017676767677,6169.341470258137,0,253,271,201,NaN,NaN
FB2316-baseline,2,12,255,5732.284652076319,6121.784371492705,0,253,271,201,NaN,NaN
FB2316-baseline,2,12,256,5692.684483726151,6070.521604938272,0,253,271,201,NaN,NaN
FB2316-baseline,2,12,257,5759.119107744108,6131.008698092031,0,253,271,201,NaN,NaN
FB2316-baseline,2,12,258,5767.602132435466,6131.703142536476,0,253,271,201,NaN,NaN
FB2316-baseline,2,12,259,5760.154461279461,6114.874158249158,0,253,271,201,NaN,NaN
FB2316-baseline,2,12,260,5726.98063973064,6069.705667789001,0,253,271,201,NaN,NaN
FB2316-baseline,2,12,261,5714.047278338945,6046.614337822672,0,253,271,201,NaN,NaN
FB2316-baseline,2,12,262,5737.619248035915,6062.801066217733,0,253,271,201,NaN,NaN
FB2316-baseline,2,12,263,5755.84960718294,6072.42620650954,0,253,271,201,NaN,NaN
FB2316-baseline,2,12,264,5764.353535353535,6072.756734006734,0,253,271,201,NaN,NaN
FB2316-baseline,2,12,265,5753.959455667789,6053.872615039281,0,253,271,201,NaN,NaN
FB2316-baseline,2,12,266,5730.891694725028,6021.719135802469,0,253,271,201,NaN,NaN
FB2316-baseline,2,12,267,5708.003928170595,5989.713804713805,0,253,271,201,NaN,NaN
FB2316-baseline,2,12,268,5754.7452300785635,6029.632575757576,0,253,271,201,NaN,NaN
FB2316-baseline,2,12,269,5828.395482603816,6099.204124579124,0,253,271,201,NaN,NaN
FB2316-baseline,2,12,270,5808.371492704826,6070.3644781144785,0,253,271,201,NaN,NaN
FB2316-baseline,2,12,271,5764.14758698092,6016.2679573512905,0,253,271,201,NaN,NaN
FB2316-baseline,2,12,272,5750.135802469136,5994.5143097643095,0,253,271,201,NaN,NaN
FB2316-baseline,2,12,273,5754.193041526375,5991.828002244669,0,253,271,201,NaN,NaN
FB2316-baseline,2,12,274,5769.682379349046,6000.99214365881,0,253,271,201,NaN,NaN
FB2316-baseline,2,12,275,5783.299382716049,6008.600589225589,0,253,271,201,NaN,NaN
FB2316-baseline,2,12,276,5770.805695847363,5988.698372615039,0,253,271,201,NaN,NaN
FB2316-baseline,4,4,340,6050.608204428268,6064.258795875038,0,405,435,409,404,6104.24271686382
FB2316-baseline,4,4,341,6040.7669093114955,6053.943205944798,0,405,435,409,404,6104.24271686382
FB2316-baseline,4,4,342,6017.19161358811,6029.834091598423,0,405,435,409,404,6104.24271686382
FB2316-baseline,4,4,343,5999.948589626933,6012.134364573855,0,405,435,409,404,6104.24271686382
FB2316-baseline,4,4,344,6027.20821959357,6039.005686988171,0,405,435,409,404,6104.24271686382
FB2316-baseline,4,4,345,6024.885577797998,6036.274188656354,0,405,435,409,404,6104.24271686382
FB2316-baseline,4,4,346,6030.0239611768275,6040.9799059751285,0,405,435,409,404,6104.24271686382
FB2316-baseline,4,4,347,6046.658932362754,6057.236123748862,0,405,435,409,404,6104.24271686382
FB2316-baseline,4,4,348,6032.349787685775,6042.548225659691,0,405,435,409,404,6104.24271686382
FB2316-baseline,4,4,349,5954.606915377616,5964.3102820746135,0,405,435,409,404,6104.24271686382
FB2316-baseline,4,4,350,5944.9787685774945,5954.296178343949,0,405,435,409,404,6104.24271686382
FB2316-baseline,4,4,351,5949.442144373673,5958.456323930846,0,405,435,409,404,6104.24271686382
FB2316-baseline,4,4,352,6005.303154382772,6014.070821959357,0,405,435,409,404,6104.24271686382
FB2316-baseline,4,4,353,6032.308234758872,6040.817788898999,0,405,435,409,404,6104.24271686382
FB2316-baseline,4,4,354,6027.8995298756445,6036.046633303003,0,405,435,409,404,6104.24271686382
FB2316-baseline,4,4,355,6057.469214437368,6065.369275098575,0,405,435,409,404,6104.24271686382
FB2316-baseline,4,4,356,6082.715195632393,6090.368820139521,0,405,435,409,404,6104.24271686382
FB2316-baseline,4,4,357,6079.270473157416,6086.631938125569,0,405,435,409,404,6104.24271686382
FB2316-baseline,4,4,358,6037.287382468911,6044.3572945101605,0,405,435,409,404,6104.24271686382
FB2316-baseline,4,4,359,6082.792007885957,6089.632620564149,0,405,435,409,404,6104.24271686382
FB2316-baseline,4,4,360,6094.098498635123,6100.696618137701,0,405,435,409,404,6104.24271686382
FB2316-baseline,4,4,361,6084.69601152563,6091.04534425235,0,405,435,409,404,6104.24271686382
FB2316-baseline,4,4,362,6087.671367910221,6093.789050652108,0,405,435,409,404,6104.24271686382
FB2316-baseline,4,4,363,6102.833105853806,6108.742189869578,0,405,435,409,404,6104.24271686382
FB2316-baseline,4,4,364,6158.027297543221,6163.788519866545,0,405,435,409,404,6104.24271686382
FB2316-baseline,4,4,365,6135.762132241432,6141.261828935396,0,405,435,409,404,6104.24271686382
FB2316-baseline,4,4,366,6101.090915984228,6106.377464361541,0,405,435,409,404,6104.24271686382
FB2316-baseline,4,4,367,6118.261222323325,6123.351304215954,0,405,435,409,404,6104.24271686382
FB2316-baseline,4,4,368,6113.694419168942,6118.609645131938,0,405,435,409,404,6104.24271686382
FB2316-baseline,4,4,369,6103.238929329694,6107.941461935093,0,405,435,409,404,6104.24271686382
FB2316-baseline,4,4,370,6083.083333333333,6087.596754625417,0,405,435,409,404,6104.24271686382
FB2316-baseline,4,4,371,6093.655141037307,6098.01728844404,0,405,435,409,404,6104.24271686382
FB2316-baseline,4,4,372,6099.792387018501,6104.005232029117,0,405,435,409,404,6104.24271686382
FB2316-baseline,4,4,373,6099.948589626933,6104.009857446164,0,405,435,409,404,6104.24271686382
FB2316-baseline,4,4,374,6089.7735062177735,6093.669927206552,0,405,435,409,404,6104.24271686382
FB2316-baseline,4,4,375,6117.1468001213225,6120.914316044889,0,405,435,409,404,6104.24271686382
FB2316-baseline,4,4,376,6122.586214740673,6126.216939642099,0,405,435,409,404,6104.24271686382
FB2316-baseline,4,4,377,6133.75363967243,6137.261753108887,0,405,435,409,404,6104.24271686382
FB2316-baseline,4,4,378,6109.744085532302,6113.117303609341,0,405,435,409,404,6104.24271686382
FB2316-baseline,4,4,379,6161.453442523506,6164.714058234759,0,405,435,409,404,6104.24271686382
FB2316-baseline,4,4,380,6178.235289657264,6181.3927054898395,0,405,435,409,404,6104.24271686382
FB2316-baseline,4,4,381,6158.7691841067635,6161.789733090688,0,405,435,409,404,6104.24271686382
FB2316-baseline,4,4,382,6091.097588717015,6093.97914771004,0,405,435,409,404,6104.24271686382
FB2316-baseline,4,4,383,6069.746208674553,6072.510464058235,0,405,435,409,404,6104.24271686382
FB2316-baseline,4,4,384,6064.065438277222,6066.73271155596,0,405,435,409,404,6104.24271686382
FB2316-baseline,4,4,385,6095.397330906885,6095.397330906885,0,405,435,409,404,6104.24271686382
FB2316-baseline,4,4,386,6136.880952380952,6136.880952380952,0,405,435,409,404,6104.24271686382
FB2316-baseline,4,4,387,6125.979299363057,6125.979299363057,0,405,435,409,404,6104.24271686382
FB2316-baseline,4,4,388,6071.734303912648,6071.734303912648,0,405,435,409,404,6104.24271686382
FB2316-baseline,4,4,389,6088.209356991204,6088.209356991204,0,405,435,409,404,6104.24271686382
FB2316-baseline,4,4,390,6080.975811343646,6080.975811343646,0,405,435,409,404,6104.24271686382
FB2316-baseline,4,4,391,6078.007279344859,6078.007279344859,0,405,435,409,404,6104.24271686382
FB2316-baseline,4,4,392,6117.910828025478,6117.910828025478,0,405,435,409,404,6104.24271686382
FB2316-baseline,4,4,393,6177.631938125569,6177.631938125569,0,405,435,409,404,6104.24271686382
FB2316-baseline,4,4,394,6120.727707006369,6120.727707006369,0,405,435,409,404,6104.24271686382
FB2316-baseline,4,4,395,6115.801562026084,6115.801562026084,0,405,435,409,404,6104.24271686382
FB2316-baseline,4,4,396,6132.4567788899,6132.4567788899,0,405,435,409,404,6104.24271686382
FB2316-baseline,4,4,397,6142.235365483773,6142.235365483773,0,405,435,409,404,6104.24271686382
FB2316-baseline,4,4,398,6080.418259023355,6080.418259023355,0,405,435,409,404,6104.24271686382
FB2316-baseline,4,4,399,6050.503260539885,6050.503260539885,0,405,435,409,404,6104.24271686382
FB2316-baseline,4,4,400,6079.389672429481,6079.389672429481,0,405,435,409,404,6104.24271686382
FB2316-baseline,4,4,401,6104.136715195632,6111.621398240825,0,405,435,409,404,6104.24271686382
FB2316-baseline,4,4,402,6089.60517136791,6119.516985138004,0,405,435,409,404,6104.24271686382
FB2316-baseline,4,4,403,6025.938959660297,6092.7235365483775,0,405,435,409,404,6104.24271686382
FB2316-baseline,4,4,404,6022.173415225963,6140.758340915984,0,405,435,409,404,6104.24271686382
FB2316-baseline,4,4,405,6042.649378222626,6228.238777676675,0,405,435,409,404,6104.24271686382
FB2316-baseline,4,4,406,6055.005686988171,6322.900363967243,0,405,435,409,404,6104.24271686382
FB2316-baseline,4,4,407,6027.089475280558,6391.544813466788,0,405,435,409,404,6104.24271686382
FB2316-baseline,4,4,408,6030.670230512587,6392.921974522293,0,405,435,409,404,6104.24271686382
FB2316-baseline,4,4,409,6034.7732787382465,6406.842356687898,0,405,435,409,404,6104.24271686382
FB2316-baseline,4,4,410,6061.971792538671,6462.830148619958,0,405,435,409,404,6104.24271686382
FB2316-baseline,4,4,411,6110.185092508341,6558.443736730361,0,405,435,409,404,6104.24271686382
FB2316-baseline,4,4,412,6137.832423415226,6653.532605398847,0,405,435,409,404,6104.24271686382
FB2316-baseline,4,4,413,6091.861995753716,6682.791477100394,0,405,435,409,404,6104.24271686382
FB2316-baseline,4,4,414,6063.5,6752.834091598423,0,405,435,409,404,6104.24271686382
FB2316-baseline,4,4,415,6068.710494388838,6873.582575068244,0,405,435,409,404,6104.24271686382
FB2316-baseline,4,4,416,6109.274719441917,6920.56263269639,0,405,435,409,404,6104.24271686382
FB2316-baseline,4,4,417,6111.982256596906,6923.703366696997,0,405,435,409,404,6104.24271686382
FB2316-baseline,4,4,418,6113.935774946922,6925.579845313921,0,405,435,409,404,6104.24271686382
FB2316-baseline,4,4,419,6127.389293296937,6891.3604792235365,0,405,435,409,404,6104.24271686382
FB2316-baseline,4,4,420,6106.648771610555,6820.91932059448,0,405,435,409,404,6104.24271686382
FB2316-baseline,4,4,421,6122.740066727328,6795.88618441007,0,405,435,409,404,6104.24271686382
FB2316-baseline,4,4,422,6109.996208674553,6742.608507734304,0,405,435,409,404,6104.24271686382
FB2316-baseline,4,4,423,6129.94449499545,6727.793600242645,0,405,435,409,404,6104.24271686382
FB2316-baseline,4,4,424,6097.368061874431,6659.656050955414,0,405,435,409,404,6104.24271686382
FB2316-baseline,4,4,425,6090.891264786169,6624.248028510768,0,405,435,409,404,6104.24271686382
FB2316-baseline,4,4,426,6106.176599939339,6618.7696390658175,0,405,435,409,404,6104.24271686382
FB2316-baseline,4,4,427,6141.221337579618,6573.875947831362,0,405,435,409,404,6104.24271686382
FB2316-baseline,4,4,428,6182.648771610555,6543.543751895662,0,405,435,409,404,6104.24271686382
FB2316-baseline,4,4,429,6146.536169244768,6438.878601759175,0,405,435,409,404,6104.24271686382
FB2316-baseline,4,4,430,6137.965953897483,6373.682059447983,0,405,435,409,404,6104.24271686382
FB2316-baseline,4,4,431,6136.13254473764,6322.048908098272,0,405,435,409,404,6104.24271686382
FB2316-baseline,4,4,432,6130.961555959963,6276.646496815287,0,405,435,409,404,6104.24271686382
FB2316-baseline,4,4,433,6158.365332120109,6270.574461631786,0,405,435,409,404,6104.24271686382
FB2316-baseline,4,4,434,6171.707385501972,6254.085759781619,0,405,435,409,404,6104.24271686382
FB2316-baseline,4,4,435,6149.932590233546,6206.85517136791,0,405,435,409,404,6104.24271686382
FB2316-baseline,4,4,436,6161.6863057324845,6198.149984834698,0,405,435,409,404,6104.24271686382
FB2316-baseline,4,4,437,6169.037154989384,6189.60304822566,0,405,435,409,404,6104.24271686382
FB2316-baseline,4,4,438,6144.789657264179,6153.8981649984835,0,405,435,409,404,6104.24271686382
FB2316-baseline,4,4,439,6137.141416439187,6139.412192902639,0,405,435,409,404,6104.24271686382
FB2316-baseline,4,4,440,6112.2719138610855,6112.2719138610855,0,405,435,409,404,6104.24271686382
FB2316-baseline,5,13,439,5804.393759047773,5806.655943381052,0,504,522,501,503,5781.75354672672
FB2316-baseline,5,13,440,5779.558147016246,5779.558147016246,0,504,522,501,503,5781.75354672672
FB2316-baseline,5,13,441,5829.33424481261,5829.33424481261,0,504,522,501,503,5781.75354672672
FB2316-baseline,5,13,442,5834.302879202188,5834.302879202188,0,504,522,501,503,5781.75354672672
FB2316-baseline,5,13,443,5799.962200418208,5799.962200418208,0,504,522,501,503,5781.75354672672
FB2316-baseline,5,13,444,5825.698729290654,5825.698729290654,0,504,522,501,503,5781.75354672672
FB2316-baseline,5,13,445,5833.351294836738,5833.351294836738,0,504,522,501,503,5781.75354672672
FB2316-baseline,5,13,446,5847.44893035226,5847.44893035226,0,504,522,501,503,5781.75354672672
FB2316-baseline,5,13,447,5808.486408235483,5808.486408235483,0,504,522,501,503,5781.75354672672
FB2316-baseline,5,13,448,5859.502814862474,5859.502814862474,0,504,522,501,503,5781.75354672672
FB2316-baseline,5,13,449,5843.031365610423,5843.031365610423,0,504,522,501,503,5781.75354672672
FB2316-baseline,5,13,450,5845.548335209908,5845.548335209908,0,504,522,501,503,5781.75354672672
FB2316-baseline,5,13,451,5794.07431236931,5794.07431236931,0,504,522,501,503,5781.75354672672
FB2316-baseline,5,13,452,5804.580183368184,5804.580183368184,0,504,522,501,503,5781.75354672672
FB2316-baseline,5,13,453,5765.08878880489,5765.08878880489,0,504,522,501,503,5781.75354672672
FB2316-baseline,5,13,454,5799.174682322664,5799.174682322664,0,504,522,501,503,5781.75354672672
FB2316-baseline,5,13,455,5813.555573427699,5813.555573427699,0,504,522,501,503,5781.75354672672
FB2316-baseline,5,13,456,5857.739102460994,5857.739102460994,0,504,522,501,503,5781.75354672672
FB2316-baseline,5,13,457,5829.542062087824,5829.542062087824,0,504,522,501,503,5781.75354672672
FB2316-baseline,5,13,458,5827.742319446678,5827.742319446678,0,504,522,501,503,5781.75354672672
FB2316-baseline,5,13,459,5850.914910728648,5850.914910728648,0,504,522,501,503,5781.75354672672
FB2316-baseline,5,13,460,5847.449573749397,5847.449573749397,0,504,522,501,503,5781.75354672672
FB2316-baseline,5,13,461,5819.20846067235,5819.20846067235,0,504,522,501,503,5781.75354672672
FB2316-baseline,5,13,462,5740.504905903169,5740.504905903169,0,504,522,501,503,5781.75354672672
FB2316-baseline,5,13,463,5804.002251889979,5804.002251889979,0,504,522,501,503,5781.75354672672
FB2316-baseline,5,13,464,5822.653691491073,5822.653691491073,0,504,522,501,503,5781.75354672672
FB2316-baseline,5,13,465,5754.813253981019,5754.813253981019,0,504,522,501,503,5781.75354672672
FB2316-baseline,5,13,466,5767.077529354994,5767.077529354994,0,504,522,501,503,5781.75354672672
FB2316-baseline,5,13,467,5845.817275213125,5845.817275213125,0,504,522,501,503,5781.75354672672
FB2316-baseline,5,13,468,5815.295480135113,5815.295480135113,0,504,522,501,503,5781.75354672672
FB2316-baseline,5,13,469,5772.854753096349,5772.854753096349,0,504,522,501,503,5781.75354672672
FB2316-baseline,5,13,470,5804.006273122084,5804.006273122084,0,504,522,501,503,5781.75354672672
FB2316-baseline,5,13,471,5797.505870998874,5797.505870998874,0,504,522,501,503,5781.75354672672
FB2316-baseline,5,13,472,5775.155541257842,5775.155541257842,0,504,522,501,503,5781.75354672672
FB2316-baseline,5,13,473,5783.397136882741,5783.397136882741,0,504,522,501,503,5781.75354672672
FB2316-baseline,5,13,474,5749.106160527585,5749.106160527585,0,504,522,501,503,5781.75354672672
FB2316-baseline,5,13,475,5779.829178060158,5779.829178060158,0,504,522,501,503,5781.75354672672
FB2316-baseline,5,13,476,5786.874055010455,5786.874055010455,0,504,522,501,503,5781.75354672672
FB2316-baseline,5,13,477,5769.887727199614,5769.887727199614,0,504,522,501,503,5781.75354672672
FB2316-baseline,5,13,478,5755.6675245295155,5755.6675245295155,0,504,522,501,503,5781.75354672672
FB2316-baseline,5,13,479,5735.6885957857485,5735.6885957857485,0,504,522,501,503,5781.75354672672
FB2316-baseline,5,13,480,5790.585491394563,5790.585491394563,0,504,522,501,503,5781.75354672672
FB2316-baseline,5,13,481,5814.056618948046,5814.056618948046,0,504,522,501,503,5781.75354672672
FB2316-baseline,5,13,482,5811.815345021715,5811.815345021715,0,504,522,501,503,5781.75354672672
FB2316-baseline,5,13,483,5784.417243043268,5784.417243043268,0,504,522,501,503,5781.75354672672
FB2316-baseline,5,13,484,5800.827891265884,5800.827891265884,0,504,522,501,503,5781.75354672672
FB2316-baseline,5,13,485,5777.044394402445,5777.044394402445,0,504,522,501,503,5781.75354672672
FB2316-baseline,5,13,486,5784.36737976516,5784.36737976516,0,504,522,501,503,5781.75354672672
FB2316-baseline,5,13,487,5809.553482387003,5809.553482387003,0,504,522,501,503,5781.75354672672
FB2316-baseline,5,13,488,5760.911532893679,5760.911532893679,0,504,522,501,503,5781.75354672672
FB2316-baseline,5,13,489,5771.395045842046,5771.395045842046,0,504,522,501,503,5781.75354672672
FB2316-baseline,5,13,490,5802.272800386038,5802.272800386038,0,504,522,501,503,5781.75354672672
FB2316-baseline,5,13,491,5808.273122084607,5808.273122084607,0,504,522,501,503,5781.75354672672
FB2316-baseline,5,13,492,5777.419173234679,5777.419173234679,0,504,522,501,503,5781.75354672672
FB2316-baseline,5,13,493,5759.474344539167,5759.474344539167,0,504,522,501,503,5781.75354672672
FB2316-baseline,5,13,494,5748.305452790735,5748.305452790735,0,504,522,501,503,5781.75354672672
FB2316-baseline,5,13,495,5764.193179990349,5764.193179990349,0,504,522,501,503,5781.75354672672
FB2316-baseline,5,13,496,5777.4651761299665,5777.4651761299665,0,504,522,501,503,5781.75354672672
FB2316-baseline,5,13,497,5796.177577609779,5796.177577609779,0,504,522,501,503,5781.75354672672
FB2316-baseline,5,13,498,5804.9425768055335,5804.9425768055335,0,504,522,501,503,5781.75354672672
FB2316-baseline,5,13,499,5824.470805854914,5824.470805854914,0,504,522,501,503,5781.75354672672
FB2316-baseline,5,13,500,5777.916197522921,5777.916197522921,0,504,522,501,503,5781.75354672672
FB2316-baseline,5,13,501,5692.349364645327,5708.0429467588865,0,504,522,501,503,5781.75354672672
FB2316-baseline,5,13,502,5734.314460350652,5797.60061122728,0,504,522,501,503,5781.75354672672
FB2316-baseline,5,13,503,5798.679105677979,5942.414186906868,0,504,522,501,503,5781.75354672672
FB2316-baseline,5,13,504,5761.836255428663,6016.1561846549785,0,504,522,501,503,5781.75354672672
FB2316-baseline,5,13,505,5716.822904938073,6111.4571336657555,0,504,522,501,503,5781.75354672672
FB2316-baseline,5,13,506,5718.890139938877,6288.0104552034745,0,504,522,501,503,5781.75354672672
FB2316-baseline,5,13,507,5722.511018175969,6496.462763390703,0,504,522,501,503,5781.75354672672
FB2316-baseline,5,13,508,5741.517773845906,6516.35708541097,0,504,522,501,503,5781.75354672672
FB2316-baseline,5,13,509,5738.6368023162295,6503.294354190124,0,504,522,501,503,5781.75354672672
FB2316-baseline,5,13,510,5715.902525333762,6452.480295962683,0,504,522,501,503,5781.75354672672
FB2316-baseline,5,13,511,5726.324593855557,6417.733955283899,0,504,522,501,503,5781.75354672672
FB2316-baseline,5,13,512,5722.4424963808915,6354.388451021393,0,504,522,501,503,5781.75354672672
FB2316-baseline,5,13,513,5743.322985362715,6293.534019623613,0,504,522,501,503,5781.75354672672
FB2316-baseline,5,13,514,5790.06594820653,6245.242560720605,0,504,522,501,503,5781.75354672672
FB2316-baseline,5,13,515,5796.980698085894,6137.999356602863,0,504,522,501,503,5781.75354672672
FB2316-baseline,5,13,516,5760.599646131574,6097.690204278591,0,504,522,501,503,5781.75354672672
FB2316-baseline,5,13,517,5752.712079781245,6090.157310599968,0,504,522,501,503,5781.75354672672
FB2316-baseline,5,13,518,5773.698890139939,6114.53241113077,0,504,522,501,503,5781.75354672672
FB2316-baseline,5,13,519,5773.159723339231,6003.9506192697445,0,504,522,501,503,5781.75354672672
FB2316-baseline,5,13,520,5748.040373170339,5879.889335692456,0,504,522,501,503,5781.75354672672
FB2316-baseline,5,13,521,5821.305131092166,5862.121602058871,0,504,522,501,503,5781.75354672672
FB2316-baseline,5,13,522,5785.706771754865,5742.944024449092,0,504,522,501,503,5781.75354672672
FB2316-baseline,5,13,523,5742.318803281325,5623.289689560881,0,504,522,501,503,5781.75354672672
FB2316-baseline,5,13,524,5702.845906385716,5518.540131896413,0,504,522,501,503,5781.75354672672
FB2316-baseline,5,13,525,5711.545279073508,5469.660608010295,0,504,522,501,503,5781.75354672672
FB2316-baseline,5,13,526,5715.073990670741,5420.34260897539,0,504,522,501,503,5781.75354672672
FB2316-baseline,5,13,527,5720.2128036030235,5440.525494611549,0,504,522,501,503,5781.75354672672
